Workbook
Name _: #REF!
Name _: #REF!
Name _.장기출장자에게는_출장비이외_일절_수당지급을: #REF!
Name _.장기출장자에게는_출장비이외_일절_수당지급을: #REF!
Name _??: #N/A
Name _??????Þ?_?ª: #N/A
Name _??____?ª: #N/A
Name _??_·¹_??: #N/A
Name _?_컛?___i: #REF!
Name _?_컛?___i: #REF!
Name _?쾴?: #REF!
Name _?쾴?: #REF!
Name _?쾴?_?: #REF!
Name _?쾴?_?: #REF!
Name _?쾴?___P: #REF!
Name _?쾴?___P: #REF!
Name _?쾴?_T: #REF!
Name _?쾴?_T: #REF!
Name __: '[1]P.M 별'!#REF!
Name __: '[1]P.M 별'!#REF!
Name __??: #N/A
Name __??????Þ?_?ª: #N/A
Name __??____?ª: #N/A
Name __??_·¹_??: #N/A
Name __?쾴?: #REF!
Name __?쾴?: #REF!
Name __?쾴?_?: #REF!
Name __?쾴?_?: #REF!
Name __?쾴?___P: #REF!
Name __?쾴?___P: #REF!
Name __?쾴?_T: #REF!
Name __?쾴?_T: #REF!
Name ___??: #N/A
Name ___??????Þ?_?ª: #N/A
Name ___??____?ª: #N/A
Name ___??_·¹_??: #N/A
Name ___?쾴?: #REF!
Name ___?쾴?: #REF!
Name ___?쾴?_?: #REF!
Name ___?쾴?_?: #REF!
Name ___?쾴?___P: #REF!
Name ___?쾴?___P: #REF!
Name ___?쾴?_T: #REF!
Name ___?쾴?_T: #REF!
Name ____??: #N/A
Name ____??????Þ?_?ª: #N/A
Name ____??____?ª: #N/A
Name ____??_·¹_??: #N/A
Name ____?쾴?: #REF!
Name ____?쾴?: #REF!
Name ____?쾴?_?: #REF!
Name ____?쾴?_?: #REF!
Name ____?쾴?___P: #REF!
Name ____?쾴?___P: #REF!
Name ____?쾴?_T: #REF!
Name ____?쾴?_T: #REF!
Name _____??: #N/A
Name _____??????Þ?_?ª: #N/A
Name _____??____?ª: #N/A
Name _____??_·¹_??: #N/A

Sheet Ⅰ. SUMMARY
B2: Ⅰ. SUMMARY
Q3: =TODAY() -> 46147
B4: 26' GS아웃바운드 영업실적 현황 | O4: 환율 | P4: 1460 | S4: 단위 : 매출(백만원)
B5: 구 분
E6: 2026년 | K6: 26년 1월 | N6: 26년 2월 | Q6: 26년 3월 | T6: 26년 4월
E7: 2026 목표 | F7: 2026 실적 | G7: 달성률 | H7: 2025 실적 | I7: 전년비 | J7: 증감률 | K7: 목표 | L7: 실적 | M7: 달성률 | N7: 목표 | O7: 실적 | P7: 달성률 | Q7: 목표 | R7: 실적 | S7: 달성률 | T7: 목표 | U7: 실적 | V7: 달성률
B8: 하이퐁 | C8: 객실 | E8: ='Ⅱ. 2026년 하이퐁'!F10+'Ⅱ. 2026년 하이퐁'!F39 -> 2309.9621 | F8: ='Ⅱ. 2026년 하이퐁'!G10+'Ⅱ. 2026년 하이퐁'!G39 -> 875.63089 | G8: =IFERROR(1+(F8-E8)/IF(E8<0,-E8,E8),"") -> 0.37906721 | H8: ='Ⅱ. 2026년 하이퐁'!I10+'Ⅱ. 2026년 하이퐁'!I39 -> 1543.3618 | I8: =IFERROR(1+(F8-H8)/IF(H8<0,-H8,H8),"") -> 0.56735295 | J8: =(F8-H8)/H8 -> -0.43264705 | K8: ='Ⅱ. 2026년 하이퐁'!K10+'Ⅱ. 2026년 하이퐁'!K39 -> 319.02639 | L8: ='Ⅱ. 2026년 하이퐁'!L10+'Ⅱ. 2026년 하이퐁'!L39 -> 270.36777 | M8: =IFERROR(1+(L8-K8)/IF(K8<0,-K8,K8),"") -> 0.84747777 | N8: ='Ⅱ. 2026년 하이퐁'!P10+'Ⅱ. 2026년 하이퐁'!P39 -> 253.63245 | O8: ='Ⅱ. 2026년 하이퐁'!Q10+'Ⅱ. 2026년 하이퐁'!Q39 -> 172.98598 | P8: =IFERROR(1+(O8-N8)/IF(N8<0,-N8,N8),"") -> 0.68203411 | Q8: ='Ⅱ. 2026년 하이퐁'!U10+'Ⅱ. 2026년 하이퐁'!U39 -> 185.61871 | R8: ='Ⅱ. 2026년 하이퐁'!V10+'Ⅱ. 2026년 하이퐁'!V39 -> 115.45962 | S8: =IFERROR(1+(R8-Q8)/IF(Q8<0,-Q8,Q8),"") -> 0.62202577 | T8: ='Ⅱ. 2026년 하이퐁'!Z10+'Ⅱ. 2026년 하이퐁'!Z39 -> 125.60846 | U8: ='Ⅱ. 2026년 하이퐁'!AA10+'Ⅱ. 2026년 하이퐁'!AA39 -> 80.589745 | V8: =IFERROR(1+(U8-T8)/IF(T8<0,-T8,T8),"") -> 0.6415949
C9: 골프 | E9: ='Ⅱ. 2026년 하이퐁'!F49+'Ⅱ. 2026년 하이퐁'!F77 -> 5148.0711 | F9: ='Ⅱ. 2026년 하이퐁'!G49+'Ⅱ. 2026년 하이퐁'!G77 -> 1444.3791 | G9: =IFERROR(1+(F9-E9)/IF(E9<0,-E9,E9),"") -> 0.28056703 | H9: ='Ⅱ. 2026년 하이퐁'!I49+'Ⅱ. 2026년 하이퐁'!I77 -> 3623.3565 | I9: =IFERROR(1+(F9-H9)/IF(H9<0,-H9,H9),"") -> 0.39863013 | J9: =(F9-H9)/H9 -> -0.60136987 | K9: ='Ⅱ. 2026년 하이퐁'!K49+'Ⅱ. 2026년 하이퐁'!K77 -> 652.2961 | L9: ='Ⅱ. 2026년 하이퐁'!L49+'Ⅱ. 2026년 하이퐁'!L77 -> 508.12555 | M9: =IFERROR(1+(L9-K9)/IF(K9<0,-K9,K9),"") -> 0.7789799 | N9: ='Ⅱ. 2026년 하이퐁'!P49+'Ⅱ. 2026년 하이퐁'!P77 -> 533.15869 | O9: ='Ⅱ. 2026년 하이퐁'!Q49+'Ⅱ. 2026년 하이퐁'!Q77 -> 364.45414 | P9: =IFERROR(1+(O9-N9)/IF(N9<0,-N9,N9),"") -> 0.68357535 | Q9: ='Ⅱ. 2026년 하이퐁'!U49+'Ⅱ. 2026년 하이퐁'!U77 -> 437.5683 | R9: ='Ⅱ. 2026년 하이퐁'!V49+'Ⅱ. 2026년 하이퐁'!V77 -> 337.16041 | S9: =IFERROR(1+(R9-Q9)/IF(Q9<0,-Q9,Q9),"") -> 0.77053207 | T9: ='Ⅱ. 2026년 하이퐁'!Z49+'Ⅱ. 2026년 하이퐁'!Z77 -> 297.96248 | U9: ='Ⅱ. 2026년 하이퐁'!AA49+'Ⅱ. 2026년 하이퐁'!AA77 -> 182.50308 | V9: =IFERROR(1+(U9-T9)/IF(T9<0,-T9,T9),"") -> 0.61250357
C10: F&B | E10: ='Ⅱ. 2026년 하이퐁'!F93 -> 1862.5381 | F10: ='Ⅱ. 2026년 하이퐁'!G93 -> 577.41965 | G10: =IFERROR(1+(F10-E10)/IF(E10<0,-E10,E10),"") -> 0.31001763 | H10: ='Ⅱ. 2026년 하이퐁'!I93 -> 1426.2879 | I10: =IFERROR(1+(F10-H10)/IF(H10<0,-H10,H10),"") -> 0.40484087 | J10: =(F10-H10)/H10 -> -0.59515913 | K10: ='Ⅱ. 2026년 하이퐁'!K93 -> 228.78272 | L10: ='Ⅱ. 2026년 하이퐁'!L93 -> 246.44232 | M10: =IFERROR(1+(L10-K10)/IF(K10<0,-K10,K10),"") -> 1.0771894 | N10: ='Ⅱ. 2026년 하이퐁'!P93 -> 191.51876 | O10: ='Ⅱ. 2026년 하이퐁'!Q93 -> 156.88725 | P10: =IFERROR(1+(O10-N10)/IF(N10<0,-N10,N10),"") -> 0.81917434 | Q10: ='Ⅱ. 2026년 하이퐁'!U93 -> 170.59071 | R10: ='Ⅱ. 2026년 하이퐁'!V93 -> 124.75298 | S10: =IFERROR(1+(R10-Q10)/IF(Q10<0,-Q10,Q10),"") -> 0.73129995 | T10: ='Ⅱ. 2026년 하이퐁'!Z93 -> 117.9444 | U10: ='Ⅱ. 2026년 하이퐁'!AA93 -> 49.337096 | V10: =IFERROR(1+(U10-T10)/IF(T10<0,-T10,T10),"") -> 0.41830807
C11: 합 계 | E11: =SUM(E8:E10) -> 9320.5713 | F11: =SUM(F8:F10) -> 2897.4296 | G11: =IFERROR(1+(F11-E11)/IF(E11<0,-E11,E11),"") -> 0.31086395 | H11: =SUM(H8:H10) -> 6593.0063 | I11: =IFERROR(1+(F11-H11)/IF(H11<0,-H11,H11),"") -> 0.43947017 | J11: =(F11-H11)/H11 -> -0.56052983 | K11: =SUM(K8:K10) -> 1200.1052 | L11: =SUM(L8:L10) -> 1024.9356 | M11: =IFERROR(1+(L11-K11)/IF(K11<0,-K11,K11),"") -> 0.85403816 | N11: =SUM(N8:N10) -> 978.3099 | O11: =SUM(O8:O10) -> 694.32738 | P11: =IFERROR(1+(O11-N11)/IF(N11<0,-N11,N11),"") -> 0.7097213 | Q11: =SUM(Q8:Q10) -> 793.77771 | R11: =SUM(R8:R10) -> 577.373 | S11: =IFERROR(1+(R11-Q11)/IF(Q11<0,-Q11,Q11),"") -> 0.72737366 | T11: =SUM(T8:T10) -> 541.51534 | U11: =SUM(U8:U10) -> 312.42992 | V11: =IFERROR(1+(U11-T11)/IF(T11<0,-T11,T11),"") -> 0.57695489
B12: 괌 | C12: 망길라오 | D12: 아웃바운드 | E12: =망길_DATA!F7*$P$4 -> 5546033526 | F12: =망길_DATA!H7*$P$4 -> 1621651492 | G12: =IFERROR(1+(F12-E12)/IF(E12<0,-E12,E12),"") -> 0.29239843 | H12: =망길_DATA!N7*$P$4 -> 3056760244 | I12: =IFERROR(1+(F12-H12)/IF(H12<0,-H12,H12),"") -> 0.53051315 | J12: =(F12-H12)/H12 -> -0.46948685 | K12: =망길_DATA!V7*$P$4 -> 8.4322055e+08 | L12: =망길_DATA!X7*$P$4 -> 5.0316214e+08 | M12: =IFERROR(1+(L12-K12)/IF(K12<0,-K12,K12),"") -> 0.59671474 | N12: =망길_DATA!AL7*$P$4 -> 8.7033936e+08 | O12: =망길_DATA!AN7*$P$4 -> 5.3340896e+08 | P12: =IFERROR(1+(O12-N12)/IF(N12<0,-N12,N12),"") -> 0.61287468 | Q12: =망길_DATA!BB7*$P$4 -> 4.9050798e+08 | R12: =망길_DATA!BD7*$P$4 -> 255996400 | S12: =IFERROR(1+(R12-Q12)/IF(Q12<0,-Q12,Q12),"") -> 0.52190058 | T12: =망길_DATA!BR7*$P$4 -> 3.6942502e+08 | U12: =망길_DATA!BT7*$P$4 -> 122172800 | V12: =IFERROR(1+(U12-T12)/IF(T12<0,-T12,T12),"") -> 0.33071068
D13: 로컬 | E13: =망길_DATA!F8*$P$4 -> 877635200 | F13: =망길_DATA!H8*$P$4 -> 315835960 | G13: =IFERROR(1+(F13-E13)/IF(E13<0,-E13,E13),"") -> 0.35987157 | H13: =망길_DATA!N8*$P$4 -> 852580140 | I13: =IFERROR(1+(F13-H13)/IF(H13<0,-H13,H13),"") -> 0.37044724 | J13: =(F13-H13)/H13 -> -0.62955276 | K13: =망길_DATA!V8*$P$4 -> 91483600 | L13: =망길_DATA!X8*$P$4 -> 96672440 | M13: =IFERROR(1+(L13-K13)/IF(K13<0,-K13,K13),"") -> 1.0567188 | N13: =망길_DATA!AL8*$P$4 -> 84066800 | O13: =망길_DATA!AN8*$P$4 -> 72915320 | P13: =IFERROR(1+(O13-N13)/IF(N13<0,-N13,N13),"") -> 0.86734977 | Q13: =망길_DATA!BB8*$P$4 -> 68255000 | R13: =망길_DATA!BD8*$P$4 -> 64897000 | S13: =IFERROR(1+(R13-Q13)/IF(Q13<0,-Q13,Q13),"") -> 0.95080214 | T13: =망길_DATA!BR8*$P$4 -> 72197000 | U13: =망길_DATA!BT8*$P$4 -> 50589000 | V13: =IFERROR(1+(U13-T13)/IF(T13<0,-T13,T13),"") -> 0.70070779
C14: 탈로포포 | D14: 아웃바운드 | E14: =탈로_DATA!F7*$P$4 -> 1.7037333e+09 | F14: =탈로_DATA!H7*$P$4 -> 534563232 | G14: =IFERROR(1+(F14-E14)/IF(E14<0,-E14,E14),"") -> 0.31375993 | H14: =탈로_DATA!N7*$P$4 -> 979149584 | I14: =IFERROR(1+(F14-H14)/IF(H14<0,-H14,H14),"") -> 0.54594644 | J14: =(F14-H14)/H14 -> -0.45405356 | K14: =탈로_DATA!V7*$P$4 -> 2.5868297e+08 | L14: =탈로_DATA!X7*$P$4 -> 172704422 | M14: =IFERROR(1+(L14-K14)/IF(K14<0,-K14,K14),"") -> 0.66762964 | N14: =탈로_DATA!AL7*$P$4 -> 2.3347968e+08 | O14: =탈로_DATA!AN7*$P$4 -> 177504610 | P14: =IFERROR(1+(O14-N14)/IF(N14<0,-N14,N14),"") -> 0.76025721 | Q14: =탈로_DATA!BB7*$P$4 -> 1.5526881e+08 | R14: =탈로_DATA!BD7*$P$4 -> 84694600 | S14: =IFERROR(1+(R14-Q14)/IF(Q14<0,-Q14,Q14),"") -> 0.54547077 | T14: =탈로_DATA!BR7*$P$4 -> 1.2050391e+08 | U14: =탈로_DATA!BT7*$P$4 -> 40412800 | V14: =IFERROR(1+(U14-T14)/IF(T14<0,-T14,T14),"") -> 0.33536506
D15: 로컬 | E15: =탈로_DATA!F8*$P$4 -> 1294290000 | F15: =탈로_DATA!H8*$P$4 -> 425149080 | G15: =IFERROR(1+(F15-E15)/IF(E15<0,-E15,E15),"") -> 0.32848054 | H15: =탈로_DATA!N8*$P$4 -> 985869380 | I15: =IFERROR(1+(F15-H15)/IF(H15<0,-H15,H15),"") -> 0.43124281 | J15: =(F15-H15)/H15 -> -0.56875719 | K15: =탈로_DATA!V8*$P$4 -> 103922800 | L15: =탈로_DATA!X8*$P$4 -> 112766020 | M15: =IFERROR(1+(L15-K15)/IF(K15<0,-K15,K15),"") -> 1.0850941 | N15: =탈로_DATA!AL8*$P$4 -> 94432800 | O15: =탈로_DATA!AN8*$P$4 -> 103982660 | P15: =IFERROR(1+(O15-N15)/IF(N15<0,-N15,N15),"") -> 1.1011286 | Q15: =탈로_DATA!BB8*$P$4 -> 158118000 | R15: =탈로_DATA!BD8*$P$4 -> 69313500 | S15: =IFERROR(1+(R15-Q15)/IF(Q15<0,-Q15,Q15),"") -> 0.43836565 | T15: =탈로_DATA!BR8*$P$4 -> 126655000 | U15: =탈로_DATA!BT8*$P$4 -> 53808300 | V15: =IFERROR(1+(U15-T15)/IF(T15<0,-T15,T15),"") -> 0.4248415
C16: 합 계 | E16: =SUM(E12:E15) -> 9421692002 | F16: =SUM(F12:F15) -> 2897199764 | G16: =IFERROR(1+(F16-E16)/IF(E16<0,-E16,E16),"") -> 0.30750313 | H16: =SUM(H12:H15) -> 5874359348 | I16: =IFERROR(1+(F16-H16)/IF(H16<0,-H16,H16),"") -> 0.49319417 | J16: =(F16-H16)/H16 -> -0.50680583 | K16: =SUM(K12:K15) -> 1.2973099e+09 | L16: =SUM(L12:L15) -> 885305018 | M16: =IFERROR(1+(L16-K16)/IF(K16<0,-K16,K16),"") -> 0.68241597 | N16: =SUM(N12:N15) -> 1.2823186e+09 | O16: =SUM(O12:O15) -> 887811546 | P16: =IFERROR(1+(O16-N16)/IF(N16<0,-N16,N16),"") -> 0.69234863 | Q16: =SUM(Q12:Q15) -> 8.7214979e+08 | R16: =SUM(R12:R15) -> 474901500 | S16: =IFERROR(1+(R16-Q16)/IF(Q16<0,-Q16,Q16),"") -> 0.54451827 | T16: =SUM(T12:T15) -> 6.8878093e+08 | U16: =SUM(U12:U15) -> 266982900 | V16: =IFERROR(1+(U16-T16)/IF(T16<0,-T16,T16),"") -> 0.38761657
B17: TOTAL | C17: 객실 | E17: =E8 -> 2309.9621 | F17: =F8 -> 875.63089 | G17: =IFERROR(1+(F17-E17)/IF(E17<0,-E17,E17),"") -> 0.37906721 | H17: =H8 -> 1543.3618 | I17: =IFERROR(1+(F17-H17)/IF(H17<0,-H17,H17),"") -> 0.56735295 | J17: =(F17-H17)/H17 -> -0.43264705 | K17: =K8 -> 319.02639 | L17: =L8 -> 270.36777 | M17: =IFERROR(1+(L17-K17)/IF(K17<0,-K17,K17),"") -> 0.84747777 | N17: =N8 -> 253.63245 | O17: =O8 -> 172.98598 | P17: =IFERROR(1+(O17-N17)/IF(N17<0,-N17,N17),"") -> 0.68203411 | Q17: =Q8 -> 185.61871 | R17: =R8 -> 115.45962 | S17: =IFERROR(1+(R17-Q17)/IF(Q17<0,-Q17,Q17),"") -> 0.62202577 | T17: =T8 -> 125.60846 | U17: =U8 -> 80.589745 | V17: =IFERROR(1+(U17-T17)/IF(T17<0,-T17,T17),"") -> 0.6415949
C18: 골프 | E18: =E9+E16 -> 9.4216972e+09 | F18: =F9+F16 -> 2.8972012e+09 | G18: =IFERROR(1+(F18-E18)/IF(E18<0,-E18,E18),"") -> 0.30750311 | H18: =H9+H16 -> 5.874363e+09 | I18: =IFERROR(1+(F18-H18)/IF(H18<0,-H18,H18),"") -> 0.49319411 | J18: =(F18-H18)/H18 -> -0.50680589 | K18: =K9+K16 -> 1.2973106e+09 | L18: =L9+L16 -> 8.8530553e+08 | M18: =IFERROR(1+(L18-K18)/IF(K18<0,-K18,K18),"") -> 0.68241602 | N18: =N9+N16 -> 1.2823192e+09 | O18: =O9+O16 -> 8.8781191e+08 | P18: =IFERROR(1+(O18-N18)/IF(N18<0,-N18,N18),"") -> 0.69234862 | Q18: =Q9+Q16 -> 8.7215023e+08 | R18: =R9+R16 -> 4.7490184e+08 | S18: =IFERROR(1+(R18-Q18)/IF(Q18<0,-Q18,Q18),"") -> 0.54451839 | T18: =T9+T16 -> 6.8878123e+08 | U18: =U9+U16 -> 2.6698308e+08 | V18: =IFERROR(1+(U18-T18)/IF(T18<0,-T18,T18),"") -> 0.38761667
C19: F&B | E19: =E10 -> 1862.5381 | F19: =F10 -> 577.41965 | G19: =IFERROR(1+(F19-E19)/IF(E19<0,-E19,E19),"") -> 0.31001763 | H19: =H10 -> 1426.2879 | I19: =IFERROR(1+(F19-H19)/IF(H19<0,-H19,H19),"") -> 0.40484087 | J19: =(F19-H19)/H19 -> -0.59515913 | K19: =K10 -> 228.78272 | L19: =L10 -> 246.44232 | M19: =IFERROR(1+(L19-K19)/IF(K19<0,-K19,K19),"") -> 1.0771894 | N19: =N10 -> 191.51876 | O19: =O10 -> 156.88725 | P19: =IFERROR(1+(O19-N19)/IF(N19<0,-N19,N19),"") -> 0.81917434 | Q19: =Q10 -> 170.59071 | R19: =R10 -> 124.75298 | S19: =IFERROR(1+(R19-Q19)/IF(Q19<0,-Q19,Q19),"") -> 0.73129995 | T19: =T10 -> 117.9444 | U19: =U10 -> 49.337096 | V19: =IFERROR(1+(U19-T19)/IF(T19<0,-T19,T19),"") -> 0.41830807
C20: 합 계 | E20: =E17+E18+E19 -> 9.4217013e+09 | F20: =F17+F18+F19 -> 2.8972027e+09 | G20: =IFERROR(1+(F20-E20)/IF(E20<0,-E20,E20),"") -> 0.30750313 | H20: =H17+H18+H19 -> 5.8743659e+09 | I20: =IFERROR(1+(F20-H20)/IF(H20<0,-H20,H20),"") -> 0.49319411 | J20: =(F20-H20)/H20 -> -0.50680589 | K20: =SUM(K17:K19) -> 1.2973111e+09 | L20: =SUM(L17:L19) -> 8.8530604e+08 | M20: =IFERROR(1+(L20-K20)/IF(K20<0,-K20,K20),"") -> 0.68241613 | N20: =SUM(N17:N19) -> 1.2823196e+09 | O20: =SUM(O17:O19) -> 8.8781224e+08 | P20: =IFERROR(1+(O20-N20)/IF(N20<0,-N20,N20),"") -> 0.69234864 | Q20: =SUM(Q17:Q19) -> 8.7215059e+08 | R20: =SUM(R17:R19) -> 4.7490208e+08 | S20: =IFERROR(1+(R20-Q20)/IF(Q20<0,-Q20,Q20),"") -> 0.54451844 | T20: =SUM(T17:T19) -> 6.8878147e+08 | U20: =SUM(U17:U19) -> 2.6698321e+08 | V20: =IFERROR(1+(U20-T20)/IF(T20<0,-T20,T20),"") -> 0.38761672

Sheet Ⅱ. 2026년 하이퐁
E2: Ⅱ. 2025년 하이퐁
E4: 구분 | K4: 1월 | P4: 2월 | U4: 3월 | Z4: 4월 | AE4: 5월 | AJ4: 6월 | AO4: 7월 | AT4: 8월 | AY4: 9월 | BD4: 10월 | BI4: 11월 | BN4: 12월
F5: 26년 목표 | G5: 26년 실적 | H5: 달성률 | I5: 25년 실적 | J5: 전년비 (증감률) | K5: 26년 목표 | L5: 26년 실적 | M5: 달성률 | N5: 25년 실적 | O5: 전년비 (증감률) | P5: 26년 목표 | Q5: 26년 실적 | R5: 달성률 | S5: 25년 실적 | T5: 전년비 (증감률) | U5: 26년 목표 | V5: 26년 실적 | W5: 달성률 | X5: 25년 실적 | Y5: 전년비 (증감률) | Z5: 26년 목표 | AA5: 26년 실적 | AB5: 달성률 | AC5: 25년 실적 | AD5: 전년비 (증감률) | AE5: 26년 목표 | AF5: 26년 실적 | AG5: 달성률 | AH5: 25년 실적 | AI5: 전년비 (증감률) | AJ5: 26년 목표 | AK5: 26년 실적 | AL5: 달성률 | AM5: 25년 실적 | AN5: 전년비 (증감률) | AO5: 26년 목표 | AP5: 26년 실적 | AQ5: 달성률 | AR5: 25년 실적 | AS5: 전년비 (증감률) | AT5: 26년 목표 | AU5: 26년 실적 | AV5: 달성률 | AW5: 25년 실적 | AX5: 전년비 (증감률) | AY5: 26년 목표 | AZ5: 26년 실적 | BA5: 달성률 | BB5: 25년 실적 | BC5: 전년비 (증감률) | BD5: 26년 목표 | BE5: 26년 실적 | BF5: 달성률 | BG5: 25년 실적 | BH5: 전년비 (증감률) | BI5: 26년 목표 | BJ5: 26년 실적 | BK5: 달성률 | BL5: 25년 실적 | BM5: 전년비 (증감률) | BN5: 26년 목표 | BO5: 26년 실적 | BP5: 달성률 | BQ5: 25년 실적 | BR5: 전년비 (증감률)
F6: REV | G6: REV | H6: REV | I6: REV | J6: REV | K6: REV | L6: REV | M6: REV | N6: REV | O6: REV | P6: REV | Q6: REV | R6: REV | S6: REV | T6: REV | U6: REV | V6: REV | W6: REV | X6: REV | Y6: REV | Z6: REV | AA6: REV | AB6: REV | AC6: REV | AD6: REV | AE6: REV | AF6: REV | AG6: REV | AH6: REV | AI6: REV | AJ6: REV | AK6: REV | AL6: REV | AM6: REV | AN6: REV | AO6: REV | AP6: REV | AQ6: REV | AR6: REV | AS6: REV | AT6: REV | AU6: REV | AV6: REV | AW6: REV | AX6: REV | AY6: REV | AZ6: REV | BA6: REV | BB6: REV | BC6: REV | BD6: REV | BE6: REV | BF6: REV | BG6: REV | BH6: REV | BI6: REV | BJ6: REV | BK6: REV | BL6: REV | BM6: REV | BN6: REV | BO6: REV | BP6: REV | BQ6: REV | BR6: REV
E7: GRAND TOTAL | F7: =SUM(F8:F9) -> 4853.5756 | G7: =SUM(G8:G9) -> 2650.8471 | H7: =IFERROR(1+(G7-F7)/IF(F7<0,-F7,F7),"") -> 0.54616377 | I7: =SUM(I8:I9) -> 3901.3757 | J7: =IFERROR(1+(G7-I7)/IF(I7<0,-I7,I7),"") -> 0.67946471 | K7: =하이퐁_DATA!I7 -> 1200.1052 | L7: =하이퐁_DATA!J7 -> 1024.9356 | M7: =IFERROR(1+(L7-K7)/IF(K7<0,-K7,K7),"") -> 0.85403816 | N7: =하이퐁_DATA!K7 -> 1148.0117 | O7: =IFERROR(1+(L7-N7)/IF(N7<0,-N7,N7),"") -> 0.89279196 | P7: =하이퐁_DATA!L7 -> 978.3099 | Q7: =하이퐁_DATA!M7 -> 694.32738 | R7: =IFERROR(1+(Q7-P7)/IF(P7<0,-P7,P7),"") -> 0.7097213 | S7: =하이퐁_DATA!N7 -> 865.53641 | T7: =IFERROR(1+(Q7-S7)/IF(S7<0,-S7,S7),"") -> 0.80219315 | U7: =하이퐁_DATA!O7 -> 793.77771 | V7: =하이퐁_DATA!P7 -> 577.373 | W7: =IFERROR(1+(V7-U7)/IF(U7<0,-U7,U7),"") -> 0.72737366 | X7: =하이퐁_DATA!Q7 -> 704.73674 | Y7: =IFERROR(1+(V7-X7)/IF(X7<0,-X7,X7),"") -> 0.81927473 | Z7: =하이퐁_DATA!R7 -> 149.20052 | AA7: =하이퐁_DATA!S7 -> 100.46016 | AB7: =IFERROR(1+(AA7-Z7)/IF(Z7<0,-Z7,Z7),"") -> 0.67332308 | AC7: =하이퐁_DATA!T7 -> 116.3966 | AD7: =IFERROR(1+(AA7-AC7)/IF(AC7<0,-AC7,AC7),"") -> 0.86308498 | AE7: =하이퐁_DATA!U7 -> 153.23412 | AF7: =하이퐁_DATA!V7 -> 66.726428 | AG7: =IFERROR(1+(AF7-AE7)/IF(AE7<0,-AE7,AE7),"") -> 0.43545413 | AH7: =하이퐁_DATA!W7 -> 141.48322 | AI7: =IFERROR(1+(AF7-AH7)/IF(AH7<0,-AH7,AH7),"") -> 0.47162078 | AJ7: =하이퐁_DATA!X7 -> 141.36786 | AK7: =하이퐁_DATA!Y7 -> 59.179141 | AL7: =IFERROR(1+(AK7-AJ7)/IF(AJ7<0,-AJ7,AJ7),"") -> 0.41861806 | AM7: =하이퐁_DATA!Z7 -> 112.75979 | AN7: =IFERROR(1+(AK7-AM7)/IF(AM7<0,-AM7,AM7),"") -> 0.52482487 | AO7: =하이퐁_DATA!AA7 -> 141.45525 | AP7: =하이퐁_DATA!AB7 -> 53.171344 | AQ7: =IFERROR(1+(AP7-AO7)/IF(AO7<0,-AO7,AO7),"") -> 0.37588809 | AR7: =하이퐁_DATA!AC7 -> 94.409025 | AS7: =IFERROR(1+(AP7-AR7)/IF(AR7<0,-AR7,AR7),"") -> 0.56320192 | AT7: =하이퐁_DATA!AD7 -> 147.41476 | AU7: =하이퐁_DATA!AE7 -> 41.54564 | AV7: =IFERROR(1+(AU7-AT7)/IF(AT7<0,-AT7,AT7),"") -> 0.28182823 | AW7: =하이퐁_DATA!AF7 -> 96.501088 | AX7: =IFERROR(1+(AU7-AW7)/IF(AW7<0,-AW7,AW7),"") -> 0.43051991 | AY7: =하이퐁_DATA!AG7 -> 172.7527 | AZ7: =하이퐁_DATA!AH7 -> 33.12841 | BA7: =IFERROR(1+(AZ7-AY7)/IF(AY7<0,-AY7,AY7),"") -> 0.19176783 | BB7: =하이퐁_DATA!AI7 -> 96.582304 | BC7: =IFERROR(1+(AZ7-BB7)/IF(BB7<0,-BB7,BB7),"") -> 0.34300704 | BD7: =하이퐁_DATA!AJ7 -> 228.39168 | BE7: =하이퐁_DATA!AK7 -> 0 | BF7: =IFERROR(1+(BE7-BD7)/IF(BD7<0,-BD7,BD7),"") -> 0 | BG7: =하이퐁_DATA!AL7 -> 130.96301 | BH7: =IFERROR(1+(BE7-BG7)/IF(BG7<0,-BG7,BG7),"") -> 0 | BI7: =하이퐁_DATA!AM7 -> 319.33417 | BJ7: =하이퐁_DATA!AN7 -> 0 | BK7: =IFERROR(1+(BJ7-BI7)/IF(BI7<0,-BI7,BI7),"") -> 0 | BL7: =하이퐁_DATA!AO7 -> 164.49143 | BM7: =IFERROR(1+(BJ7-BL7)/IF(BL7<0,-BL7,BL7),"") -> 0 | BN7: =하이퐁_DATA!AP7 -> 428.23168 | BO7: =하이퐁_DATA!AQ7 -> 0 | BP7: =IFERROR(1+(BO7-BN7)/IF(BN7<0,-BN7,BN7),"") -> 0 | BQ7: =하이퐁_DATA!AR7 -> 229.50439 | BR7: =IFERROR(1+(BO7-BQ7)/IF(BQ7<0,-BQ7,BQ7),"") -> 0
E8: 해외 실적 | F8: =K8+P8+U8+Z8+AE8+AJ8+AO8+AT8+AY8+BD8+BI8+BN8 -> 1933.2483 | G8: =L8+Q8+V8+AA8+AF8+AK8+AP8+AU8+AZ8+BE8+BJ8+BO8 -> 1016.8004 | H8: =IFERROR(1+(G8-F8)/IF(F8<0,-F8,F8),"") -> 0.52595437 | I8: =N8+S8+X8+AC8+AH8+AM8+AR8+AW8+BB8+BG8+BL8+BQ8 -> 1378.7496 | J8: =IFERROR(1+(G8-I8)/IF(I8<0,-I8,I8),"") -> 0.7374801 | K8: =하이퐁_DATA!I8 -> 519.592 | L8: =하이퐁_DATA!J8 -> 500.2249 | M8: =IFERROR(1+(L8-K8)/IF(K8<0,-K8,K8),"") -> 0.96272633 | N8: =하이퐁_DATA!K8 -> 454.84641 | O8: =IFERROR(1+(L8-N8)/IF(N8<0,-N8,N8),"") -> 1.0997666 | P8: =하이퐁_DATA!L8 -> 344.408 | Q8: =하이퐁_DATA!M8 -> 276.01659 | R8: =IFERROR(1+(Q8-P8)/IF(P8<0,-P8,P8),"") -> 0.80142327 | S8: =하이퐁_DATA!N8 -> 296.19991 | T8: =IFERROR(1+(Q8-S8)/IF(S8<0,-S8,S8),"") -> 0.9318591 | U8: =하이퐁_DATA!O8 -> 240.02677 | V8: =하이퐁_DATA!P8 -> 160.37375 | W8: =IFERROR(1+(V8-U8)/IF(U8<0,-U8,U8),"") -> 0.66814942 | X8: =하이퐁_DATA!Q8 -> 172.62249 | Y8: =IFERROR(1+(V8-X8)/IF(X8<0,-X8,X8),"") -> 0.9290432 | Z8: =하이퐁_DATA!R8 -> 39.1702 | AA8: =하이퐁_DATA!S8 -> 42.514425 | AB8: =IFERROR(1+(AA8-Z8)/IF(Z8<0,-Z8,Z8),"") -> 1.0853768 | AC8: =하이퐁_DATA!T8 -> 27.32643 | AD8: =IFERROR(1+(AA8-AC8)/IF(AC8<0,-AC8,AC8),"") -> 1.5557988 | AE8: =하이퐁_DATA!U8 -> 35.269737 | AF8: =하이퐁_DATA!V8 -> 13.28031 | AG8: =IFERROR(1+(AF8-AE8)/IF(AE8<0,-AE8,AE8),"") -> 0.37653556 | AH8: =하이퐁_DATA!W8 -> 33.18736 | AI8: =IFERROR(1+(AF8-AH8)/IF(AH8<0,-AH8,AH8),"") -> 0.4001617 | AJ8: =하이퐁_DATA!X8 -> 25.776765 | AK8: =하이퐁_DATA!Y8 -> 11.101034 | AL8: =IFERROR(1+(AK8-AJ8)/IF(AJ8<0,-AJ8,AJ8),"") -> 0.43066049 | AM8: =하이퐁_DATA!Z8 -> 21.263706 | AN8: =IFERROR(1+(AK8-AM8)/IF(AM8<0,-AM8,AM8),"") -> 0.52206488 | AO8: =하이퐁_DATA!AA8 -> 29.0416 | AP8: =하이퐁_DATA!AB8 -> 10.208647 | AQ8: =IFERROR(1+(AP8-AO8)/IF(AO8<0,-AO8,AO8),"") -> 0.35151806 | AR8: =하이퐁_DATA!AC8 -> 19.294974 | AS8: =IFERROR(1+(AP8-AR8)/IF(AR8<0,-AR8,AR8),"") -> 0.52908322 | AT8: =하이퐁_DATA!AD8 -> 35.001105 | AU8: =하이퐁_DATA!AE8 -> 3.0807252 | AV8: =IFERROR(1+(AU8-AT8)/IF(AT8<0,-AT8,AT8),"") -> 0.088017941 | AW8: =하이퐁_DATA!AF8 -> 28.269095 | AX8: =IFERROR(1+(AU8-AW8)/IF(AW8<0,-AW8,AW8),"") -> 0.10897856 | AY8: =하이퐁_DATA!AG8 -> 62.709493 | AZ8: =하이퐁_DATA!AH8 -> 0 | BA8: =IFERROR(1+(AZ8-AY8)/IF(AY8<0,-AY8,AY8),"") -> 0 | BB8: =하이퐁_DATA!AI8 -> 28.617762 | BC8: =IFERROR(1+(AZ8-BB8)/IF(BB8<0,-BB8,BB8),"") -> 0 | BD8: =하이퐁_DATA!AJ8 -> 104.87915 | BE8: =하이퐁_DATA!AK8 -> 0 | BF8: =IFERROR(1+(BE8-BD8)/IF(BD8<0,-BD8,BD8),"") -> 0 | BG8: =하이퐁_DATA!AL8 -> 52.506634 | BH8: =IFERROR(1+(BE8-BG8)/IF(BG8<0,-BG8,BG8),"") -> 0 | BI8: =하이퐁_DATA!AM8 -> 198.19492 | BJ8: =하이퐁_DATA!AN8 -> 0 | BK8: =IFERROR(1+(BJ8-BI8)/IF(BI8<0,-BI8,BI8),"") -> 0 | BL8: =하이퐁_DATA!AO8 -> 89.413868 | BM8: =IFERROR(1+(BJ8-BL8)/IF(BL8<0,-BL8,BL8),"") -> 0 | BN8: =하이퐁_DATA!AP8 -> 299.17852 | BO8: =하이퐁_DATA!AQ8 -> 0 | BP8: =IFERROR(1+(BO8-BN8)/IF(BN8<0,-BN8,BN8),"") -> 0 | BQ8: =하이퐁_DATA!AR8 -> 155.20094 | BR8: =IFERROR(1+(BO8-BQ8)/IF(BQ8<0,-BQ8,BQ8),"") -> 0
E9: 현지 실적 | F9: =K9+P9+U9+Z9+AE9+AJ9+AO9+AT9+AY9+BD9+BI9+BN9 -> 2920.3273 | G9: =L9+Q9+V9+AA9+AF9+AK9+AP9+AU9+AZ9+BE9+BJ9+BO9 -> 1634.0468 | H9: =IFERROR(1+(G9-F9)/IF(F9<0,-F9,F9),"") -> 0.55954234 | I9: =N9+S9+X9+AC9+AH9+AM9+AR9+AW9+BB9+BG9+BL9+BQ9 -> 2522.6262 | J9: =IFERROR(1+(G9-I9)/IF(I9<0,-I9,I9),"") -> 0.64775621 | K9: =하이퐁_DATA!I9 -> 680.51321 | L9: =하이퐁_DATA!J9 -> 524.71075 | M9: =IFERROR(1+(L9-K9)/IF(K9<0,-K9,K9),"") -> 0.77105153 | N9: =하이퐁_DATA!K9 -> 693.16533 | O9: =IFERROR(1+(L9-N9)/IF(N9<0,-N9,N9),"") -> 0.75697777 | P9: =하이퐁_DATA!L9 -> 633.9019 | Q9: =하이퐁_DATA!M9 -> 418.31079 | R9: =IFERROR(1+(Q9-P9)/IF(P9<0,-P9,P9),"") -> 0.65989831 | S9: =하이퐁_DATA!N9 -> 569.33649 | T9: =IFERROR(1+(Q9-S9)/IF(S9<0,-S9,S9),"") -> 0.73473385 | U9: =하이퐁_DATA!O9 -> 553.75094 | V9: =하이퐁_DATA!P9 -> 416.99926 | W9: =IFERROR(1+(V9-U9)/IF(U9<0,-U9,U9),"") -> 0.75304478 | X9: =하이퐁_DATA!Q9 -> 532.11426 | Y9: =IFERROR(1+(V9-X9)/IF(X9<0,-X9,X9),"") -> 0.78366488 | Z9: =하이퐁_DATA!R9 -> 110.03032 | AA9: =하이퐁_DATA!S9 -> 57.94573 | AB9: =IFERROR(1+(AA9-Z9)/IF(Z9<0,-Z9,Z9),"") -> 0.52663419 | AC9: =하이퐁_DATA!T9 -> 89.070168 | AD9: =IFERROR(1+(AA9-AC9)/IF(AC9<0,-AC9,AC9),"") -> 0.65056271 | AE9: =하이퐁_DATA!U9 -> 117.96438 | AF9: =하이퐁_DATA!V9 -> 53.446118 | AG9: =IFERROR(1+(AF9-AE9)/IF(AE9<0,-AE9,AE9),"") -> 0.45306998 | AH9: =하이퐁_DATA!W9 -> 108.29587 | AI9: =IFERROR(1+(AF9-AH9)/IF(AH9<0,-AH9,AH9),"") -> 0.49351947 | AJ9: =하이퐁_DATA!X9 -> 115.5911 | AK9: =하이퐁_DATA!Y9 -> 48.078107 | AL9: =IFERROR(1+(AK9-AJ9)/IF(AJ9<0,-AJ9,AJ9),"") -> 0.41593261 | AM9: =하이퐁_DATA!Z9 -> 91.496083 | AN9: =IFERROR(1+(AK9-AM9)/IF(AM9<0,-AM9,AM9),"") -> 0.52546629 | AO9: =하이퐁_DATA!AA9 -> 112.41365 | AP9: =하이퐁_DATA!AB9 -> 42.962698 | AQ9: =IFERROR(1+(AP9-AO9)/IF(AO9<0,-AO9,AO9),"") -> 0.38218399 | AR9: =하이퐁_DATA!AC9 -> 75.114051 | AS9: =IFERROR(1+(AP9-AR9)/IF(AR9<0,-AR9,AR9),"") -> 0.57196619 | AT9: =하이퐁_DATA!AD9 -> 112.41365 | AU9: =하이퐁_DATA!AE9 -> 38.464915 | AV9: =IFERROR(1+(AU9-AT9)/IF(AT9<0,-AT9,AT9),"") -> 0.34217299 | AW9: =하이퐁_DATA!AF9 -> 68.231993 | AX9: =IFERROR(1+(AU9-AW9)/IF(AW9<0,-AW9,AW9),"") -> 0.56373722 | AY9: =하이퐁_DATA!AG9 -> 110.04321 | AZ9: =하이퐁_DATA!AH9 -> 33.12841 | BA9: =IFERROR(1+(AZ9-AY9)/IF(AY9<0,-AY9,AY9),"") -> 0.30104911 | BB9: =하이퐁_DATA!AI9 -> 67.964541 | BC9: =IFERROR(1+(AZ9-BB9)/IF(BB9<0,-BB9,BB9),"") -> 0.48743668 | BD9: =하이퐁_DATA!AJ9 -> 123.51253 | BE9: =하이퐁_DATA!AK9 -> 0 | BF9: =IFERROR(1+(BE9-BD9)/IF(BD9<0,-BD9,BD9),"") -> 0 | BG9: =하이퐁_DATA!AL9 -> 78.456379 | BH9: =IFERROR(1+(BE9-BG9)/IF(BG9<0,-BG9,BG9),"") -> 0 | BI9: =하이퐁_DATA!AM9 -> 121.13925 | BJ9: =하이퐁_DATA!AN9 -> 0 | BK9: =IFERROR(1+(BJ9-BI9)/IF(BI9<0,-BI9,BI9),"") -> 0 | BL9: =하이퐁_DATA!AO9 -> 75.077562 | BM9: =IFERROR(1+(BJ9-BL9)/IF(BL9<0,-BL9,BL9),"") -> 0 | BN9: =하이퐁_DATA!AP9 -> 129.05316 | BO9: =하이퐁_DATA!AQ9 -> 0 | BP9: =IFERROR(1+(BO9-BN9)/IF(BN9<0,-BN9,BN9),"") -> 0 | BQ9: =하이퐁_DATA!AR9 -> 74.303452 | BR9: =IFERROR(1+(BO9-BQ9)/IF(BQ9<0,-BQ9,BQ9),"") -> 0
D10: 호텔 | E10: 해외 I Total | F10: =K10+P10+U10+Z10+AE10+AJ10+AO10+AT10+AY10+BD10+BI10+BN10 -> 851.70077 | G10: =L10+Q10+V10+AA10+AF10+AK10+AP10+AU10+AZ10+BE10+BK10+BO10 -> 255.58751 | H10: =IFERROR(1+(G10-F10)/IF(F10<0,-F10,F10),"") -> 0.30009073 | I10: =N10+S10+X10+AC10+AH10+AM10+AR10+AW10+BB10+BG10+BM10+BQ10 -> 488.13309 | J10: =IFERROR(1+(G10-I10)/IF(I10<0,-I10,I10),"") -> 0.52360209 | K10: =하이퐁_DATA!I10 -> 170.262 | L10: =하이퐁_DATA!J10 -> 120.93014 | M10: =IFERROR(1+(L10-K10)/IF(K10<0,-K10,K10),"") -> 0.71025911 | N10: =하이퐁_DATA!K10 -> 161.0397 | O10: =IFERROR(1+(L10-N10)/IF(N10<0,-N10,N10),"") -> 0.75093367 | P10: =하이퐁_DATA!L10 -> 115.088 | Q10: =하이퐁_DATA!M10 -> 64.621104 | R10: =IFERROR(1+(Q10-P10)/IF(P10<0,-P10,P10),"") -> 0.56149298 | S10: =하이퐁_DATA!N10 -> 110.97571 | T10: =IFERROR(1+(Q10-S10)/IF(S10<0,-S10,S10),"") -> 0.58229955 | U10: =하이퐁_DATA!O10 -> 64.597769 | V10: =하이퐁_DATA!P10 -> 33.78333 | W10: =IFERROR(1+(V10-U10)/IF(U10<0,-U10,U10),"") -> 0.52297983 | X10: =하이퐁_DATA!Q10 -> 46.179194 | Y10: =IFERROR(1+(V10-X10)/IF(X10<0,-X10,X10),"") -> 0.73157037 | Z10: =하이퐁_DATA!R10 -> 23.537 | AA10: =하이퐁_DATA!S10 -> 16.72409 | AB10: =IFERROR(1+(AA10-Z10)/IF(Z10<0,-Z10,Z10),"") -> 0.71054467 | AC10: =하이퐁_DATA!T10 -> 16.948348 | AD10: =IFERROR(1+(AA10-AC10)/IF(AC10<0,-AC10,AC10),"") -> 0.98676815 | AE10: =하이퐁_DATA!U10 -> 21.087 | AF10: =하이퐁_DATA!V10 -> 7.5723931 | AG10: =IFERROR(1+(AF10-AE10)/IF(AE10<0,-AE10,AE10),"") -> 0.35910244 | AH10: =하이퐁_DATA!W10 -> 19.965085 | AI10: =IFERROR(1+(AF10-AH10)/IF(AH10<0,-AH10,AH10),"") -> 0.37928179 | AJ10: =하이퐁_DATA!X10 -> 12.724 | AK10: =하이퐁_DATA!Y10 -> 3.5322024 | AL10: =IFERROR(1+(AK10-AJ10)/IF(AJ10<0,-AJ10,AJ10),"") -> 0.27760157 | AM10: =하이퐁_DATA!Z10 -> 8.6246911 | AN10: =IFERROR(1+(AK10-AM10)/IF(AM10<0,-AM10,AM10),"") -> 0.40954538 | AO10: =하이퐁_DATA!AA10 -> 16.195 | AP10: =하이퐁_DATA!AB10 -> 6.876668 | AQ10: =IFERROR(1+(AP10-AO10)/IF(AO10<0,-AO10,AO10),"") -> 0.42461673 | AR10: =하이퐁_DATA!AC10 -> 10.583584 | AS10: =IFERROR(1+(AP10-AR10)/IF(AR10<0,-AR10,AR10),"") -> 0.6497485 | AT10: =하이퐁_DATA!AD10 -> 21.119 | AU10: =하이퐁_DATA!AE10 -> 1.547583 | AV10: =IFERROR(1+(AU10-AT10)/IF(AT10<0,-AT10,AT10),"") -> 0.073279181 | AW10: =하이퐁_DATA!AF10 -> 12.295866 | AX10: =IFERROR(1+(AU10-AW10)/IF(AW10<0,-AW10,AW10),"") -> 0.12586206 | AY10: =하이퐁_DATA!AG10 -> 36.888 | AZ10: =하이퐁_DATA!AH10 -> 0 | BA10: =IFERROR(1+(AZ10-AY10)/IF(AY10<0,-AY10,AY10),"") -> 0 | BB10: =하이퐁_DATA!AI10 -> 13.440584 | BC10: =IFERROR(1+(AZ10-BB10)/IF(BB10<0,-BB10,BB10),"") -> 0 | BD10: =하이퐁_DATA!AJ10 -> 65.981 | BE10: =하이퐁_DATA!AK10 -> 0 | BF10: =IFERROR(1+(BE10-BD10)/IF(BD10<0,-BD10,BD10),"") -> 0 | BG10: =하이퐁_DATA!AL10 -> 25.202217 | BH10: =IFERROR(1+(BE10-BG10)/IF(BG10<0,-BG10,BG10),"") -> 0 | BI10: =하이퐁_DATA!AM10 -> 121.092 | BJ10: =하이퐁_DATA!AN10 -> 0 | BK10: =IFERROR(1+(BJ10-BI10)/IF(BI10<0,-BI10,BI10),"") -> 0 | BL10: =하이퐁_DATA!AO10 -> 42.711671 | BM10: =IFERROR(1+(BJ10-BL10)/IF(BL10<0,-BL10,BL10),"") -> 0 | BN10: =하이퐁_DATA!AP10 -> 183.13 | BO10: =하이퐁_DATA!AQ10 -> 0 | BP10: =IFERROR(1+(BO10-BN10)/IF(BN10<0,-BN10,BN10),"") -> 0 | BQ10: =하이퐁_DATA!AR10 -> 62.87811 | BR10: =IFERROR(1+(BO10-BQ10)/IF(BQ10<0,-BQ10,BQ10),"") -> 0
E11: 회원 | F11: =K11+P11+U11+Z11+AE11+AJ11+AO11+AT11+AY11+BD11+BI11+BN11 -> 327.16569 | G11: =L11+Q11+V11+AA11+AF11+AK11+AP11+AU11+AZ11+BE11+BK11+BO11 -> 147.03865 | H11: =IFERROR(1+(G11-F11)/IF(F11<0,-F11,F11),"") -> 0.44943177 | I11: =N11+S11+X11+AC11+AH11+AM11+AR11+AW11+BB11+BG11+BM11+BQ11 -> 174.85758 | J11: =IFERROR(1+(G11-I11)/IF(I11<0,-I11,I11),"") -> 0.84090521 | K11: =하이퐁_DATA!I11 -> 67.103259 | L11: =하이퐁_DATA!J11 -> 59.696901 | M11: =IFERROR(1+(L11-K11)/IF(K11<0,-K11,K11),"") -> 0.88962745 | N11: =하이퐁_DATA!K11 -> 36.658625 | O11: =IFERROR(1+(L11-N11)/IF(N11<0,-N11,N11),"") -> 1.6284544 | P11: =하이퐁_DATA!L11 -> 46.439018 | Q11: =하이퐁_DATA!M11 -> 36.527823 | R11: =IFERROR(1+(Q11-P11)/IF(P11<0,-P11,P11),"") -> 0.78657613 | S11: =하이퐁_DATA!N11 -> 30.420855 | T11: =IFERROR(1+(Q11-S11)/IF(S11<0,-S11,S11),"") -> 1.2007494 | U11: =하이퐁_DATA!O11 -> 24.853154 | V11: =하이퐁_DATA!P11 -> 26.022224 | W11: =IFERROR(1+(V11-U11)/IF(U11<0,-U11,U11),"") -> 1.0470391 | X11: =하이퐁_DATA!Q11 -> 21.797989 | Y11: =IFERROR(1+(V11-X11)/IF(X11<0,-X11,X11),"") -> 1.1937901 | Z11: =하이퐁_DATA!R11 -> 7.1634348 | AA11: =하이퐁_DATA!S11 -> 12.923337 | AB11: =IFERROR(1+(AA11-Z11)/IF(Z11<0,-Z11,Z11),"") -> 1.8040698 | AC11: =하이퐁_DATA!T11 -> 5.9071102 | AD11: =IFERROR(1+(AA11-AC11)/IF(AC11<0,-AC11,AC11),"") -> 2.1877595 | AE11: =하이퐁_DATA!U11 -> 7.029 | AF11: =하이퐁_DATA!V11 -> 5.422058 | AG11: =IFERROR(1+(AF11-AE11)/IF(AE11<0,-AE11,AE11),"") -> 0.77138398 | AH11: =하이퐁_DATA!W11 -> 7.7218036 | AI11: =IFERROR(1+(AF11-AH11)/IF(AH11<0,-AH11,AH11),"") -> 0.70217508 | AJ11: =하이퐁_DATA!X11 -> 4.8938462 | AK11: =하이퐁_DATA!Y11 -> 2.7118518 | AL11: =IFERROR(1+(AK11-AJ11)/IF(AJ11<0,-AJ11,AJ11),"") -> 0.55413507 | AM11: =하이퐁_DATA!Z11 -> 4.2025065 | AN11: =IFERROR(1+(AK11-AM11)/IF(AM11<0,-AM11,AM11),"") -> 0.64529389 | AO11: =하이퐁_DATA!AA11 -> 6.073125 | AP11: =하이퐁_DATA!AB11 -> 2.738616 | AQ11: =IFERROR(1+(AP11-AO11)/IF(AO11<0,-AO11,AO11),"") -> 0.45094017 | AR11: =하이퐁_DATA!AC11 -> 3.992886 | AS11: =IFERROR(1+(AP11-AR11)/IF(AR11<0,-AR11,AR11),"") -> 0.68587383 | AT11: =하이퐁_DATA!AD11 -> 8.0453333 | AU11: =하이퐁_DATA!AE11 -> 0.99584277 | AV11: =IFERROR(1+(AU11-AT11)/IF(AT11<0,-AT11,AT11),"") -> 0.12377893 | AW11: =하이퐁_DATA!AF11 -> 8.777578 | AX11: =IFERROR(1+(AU11-AW11)/IF(AW11<0,-AW11,AW11),"") -> 0.11345302 | AY11: =하이퐁_DATA!AG11 -> 13.957622 | AZ11: =하이퐁_DATA!AH11 -> 0 | BA11: =IFERROR(1+(AZ11-AY11)/IF(AY11<0,-AY11,AY11),"") -> 0 | BB11: =하이퐁_DATA!AI11 -> 8.8362209 | BC11: =IFERROR(1+(AZ11-BB11)/IF(BB11<0,-BB11,BB11),"") -> 0 | BD11: =하이퐁_DATA!AJ11 -> 25.377308 | BE11: =하이퐁_DATA!AK11 -> 0 | BF11: =IFERROR(1+(BE11-BD11)/IF(BD11<0,-BD11,BD11),"") -> 0 | BG11: =하이퐁_DATA!AL11 -> 12.578437 | BH11: =IFERROR(1+(BE11-BG11)/IF(BG11<0,-BG11,BG11),"") -> 0 | BI11: =하이퐁_DATA!AM11 -> 46.4186 | BJ11: =하이퐁_DATA!AN11 -> 0 | BK11: =IFERROR(1+(BJ11-BI11)/IF(BI11<0,-BI11,BI11),"") -> 0 | BL11: =하이퐁_DATA!AO11 -> 25.449848 | BM11: =IFERROR(1+(BJ11-BL11)/IF(BL11<0,-BL11,BL11),"") -> 0 | BN11: =하이퐁_DATA!AP11 -> 69.811989 | BO11: =하이퐁_DATA!AQ11 -> 0 | BP11: =IFERROR(1+(BO11-BN11)/IF(BN11<0,-BN11,BN11),"") -> 0 | BQ11: =하이퐁_DATA!AR11 -> 33.963573 | BR11: =IFERROR(1+(BO11-BQ11)/IF(BQ11<0,-BQ11,BQ11),"") -> 0
E12: SONO회원 | F12: =K12+P12+U12+Z12+AE12+AJ12+AO12+AT12+AY12+BD12+BI12+BN12 -> 14.090693 | G12: =L12+Q12+V12+AA12+AF12+AK12+AP12+AU12+AZ12+BE12+BK12+BO12 -> 17.06484 | H12: =IFERROR(1+(G12-F12)/IF(F12<0,-F12,F12),"") -> 1.2110717 | I12: =N12+S12+X12+AC12+AH12+AM12+AR12+AW12+BB12+BG12+BM12+BQ12 -> 103.88893 | J12: =IFERROR(1+(G12-I12)/IF(I12<0,-I12,I12),"") -> 0.16426043 | K12: =하이퐁_DATA!I12 -> 2.0030824 | L12: =하이퐁_DATA!J12 -> 6.6688756 | M12: =IFERROR(1+(L12-K12)/IF(K12<0,-K12,K12),"") -> 3.3293068 | N12: =하이퐁_DATA!K12 -> 36.48839 | O12: =IFERROR(1+(L12-N12)/IF(N12<0,-N12,N12),"") -> 0.18276706 | P12: =하이퐁_DATA!L12 -> 2.0190877 | Q12: =하이퐁_DATA!M12 -> 7.0713686 | R12: =IFERROR(1+(Q12-P12)/IF(P12<0,-P12,P12),"") -> 3.5022592 | S12: =하이퐁_DATA!N12 -> 23.472617 | T12: =IFERROR(1+(Q12-S12)/IF(S12<0,-S12,S12),"") -> 0.30126034 | U12: =하이퐁_DATA!O12 -> 1.9872308 | V12: =하이퐁_DATA!P12 -> 2.6187569 | W12: =IFERROR(1+(V12-U12)/IF(U12<0,-U12,U12),"") -> 1.3177921 | X12: =하이퐁_DATA!Q12 -> 11.911894 | Y12: =IFERROR(1+(V12-X12)/IF(X12<0,-X12,X12),"") -> 0.21984387 | Z12: =하이퐁_DATA!R12 -> 1.0233478 | AA12: =하이퐁_DATA!S12 -> 0.53160475 | AB12: =IFERROR(1+(AA12-Z12)/IF(Z12<0,-Z12,Z12),"") -> 0.51947611 | AC12: =하이퐁_DATA!T12 -> 4.1828798 | AD12: =IFERROR(1+(AA12-AC12)/IF(AC12<0,-AC12,AC12),"") -> 0.12709061 | AE12: =하이퐁_DATA!U12 -> 1.0041429 | AF12: =하이퐁_DATA!V12 -> 0.17423377 | AG12: =IFERROR(1+(AF12-AE12)/IF(AE12<0,-AE12,AE12),"") -> 0.17351492 | AH12: =하이퐁_DATA!W12 -> 5.8708215 | AI12: =IFERROR(1+(AF12-AH12)/IF(AH12<0,-AH12,AH12),"") -> 0.029677919 | AJ12: =하이퐁_DATA!X12 -> 0 | AK12: =하이퐁_DATA!Y12 -> 0 | AL12: =IFERROR(1+(AK12-AJ12)/IF(AJ12<0,-AJ12,AJ12),"") | AM12: =하이퐁_DATA!Z12 -> 3.3190045 | AN12: =IFERROR(1+(AK12-AM12)/IF(AM12<0,-AM12,AM12),"") -> 0 | AO12: =하이퐁_DATA!AA12 -> 0 | AP12: =하이퐁_DATA!AB12 -> 0 | AQ12: =IFERROR(1+(AP12-AO12)/IF(AO12<0,-AO12,AO12),"") | AR12: =하이퐁_DATA!AC12 -> 0.98594442 | AS12: =IFERROR(1+(AP12-AR12)/IF(AR12<0,-AR12,AR12),"") -> 0 | AT12: =하이퐁_DATA!AD12 -> 0 | AU12: =하이퐁_DATA!AE12 -> 0 | AV12: =IFERROR(1+(AU12-AT12)/IF(AT12<0,-AT12,AT12),"") | AW12: =하이퐁_DATA!AF12 -> 3.2323106 | AX12: =IFERROR(1+(AU12-AW12)/IF(AW12<0,-AW12,AW12),"") -> 0 | AY12: =하이퐁_DATA!AG12 -> 0.99697297 | AZ12: =하이퐁_DATA!AH12 -> 0 | BA12: =IFERROR(1+(AZ12-AY12)/IF(AY12<0,-AY12,AY12),"") -> 0 | BB12: =하이퐁_DATA!AI12 -> 4.2259204 | BC12: =IFERROR(1+(AZ12-BB12)/IF(BB12<0,-BB12,BB12),"") -> 0 | BD12: =하이퐁_DATA!AJ12 -> 1.0150923 | BE12: =하이퐁_DATA!AK12 -> 0 | BF12: =IFERROR(1+(BE12-BD12)/IF(BD12<0,-BD12,BD12),"") -> 0 | BG12: =하이퐁_DATA!AL12 -> 4.6681325 | BH12: =IFERROR(1+(BE12-BG12)/IF(BG12<0,-BG12,BG12),"") -> 0 | BI12: =하이퐁_DATA!AM12 -> 2.0182 | BJ12: =하이퐁_DATA!AN12 -> 0 | BK12: =IFERROR(1+(BJ12-BI12)/IF(BI12<0,-BI12,BI12),"") -> 0 | BL12: =하이퐁_DATA!AO12 -> 4.6133087 | BM12: =IFERROR(1+(BJ12-BL12)/IF(BL12<0,-BL12,BL12),"") -> 0 | BN12: =하이퐁_DATA!AP12 -> 2.0235359 | BO12: =하이퐁_DATA!AQ12 -> 0 | BP12: =IFERROR(1+(BO12-BN12)/IF(BN12<0,-BN12,BN12),"") -> 0 | BQ12: =하이퐁_DATA!AR12 -> 5.5310108 | BR12: =IFERROR(1+(BO12-BQ12)/IF(BQ12<0,-BQ12,BQ12),"") -> 0
E13: 멤버 프로모션 | F13: =K13+P13+U13+Z13+AE13+AJ13+AO13+AT13+AY13+BD13+BI13+BN13 -> 311.075 | G13: =L13+Q13+V13+AA13+AF13+AK13+AP13+AU13+AZ13+BE13+BK13+BO13 -> 123.2205 | H13: =IFERROR(1+(G13-F13)/IF(F13<0,-F13,F13),"") -> 0.39611188 | I13: =N13+S13+X13+AC13+AH13+AM13+AR13+AW13+BB13+BG13+BM13+BQ13 -> 53.231745 | J13: =IFERROR(1+(G13-I13)/IF(I13<0,-I13,I13),"") -> 2.3147936 | K13: =하이퐁_DATA!I13 -> 65.100176 | L13: =하이퐁_DATA!J13 -> 52.057647 | M13: =IFERROR(1+(L13-K13)/IF(K13<0,-K13,K13),"") -> 0.79965448 | N13: =하이퐁_DATA!K13 -> 0.17023586 | O13: =IFERROR(1+(L13-N13)/IF(N13<0,-N13,N13),"") -> 305.79718 | P13: =하이퐁_DATA!L13 -> 44.41993 | Q13: =하이퐁_DATA!M13 -> 29.147332 | R13: =IFERROR(1+(Q13-P13)/IF(P13<0,-P13,P13),"") -> 0.65617691 | S13: =하이퐁_DATA!N13 -> 6.9482381 | T13: =IFERROR(1+(Q13-S13)/IF(S13<0,-S13,S13),"") -> 4.1949243 | U13: =하이퐁_DATA!O13 -> 20.865923 | V13: =하이퐁_DATA!P13 -> 17.929655 | W13: =IFERROR(1+(V13-U13)/IF(U13<0,-U13,U13),"") -> 0.85927927 | X13: =하이퐁_DATA!Q13 -> 5.4830612 | Y13: =IFERROR(1+(V13-X13)/IF(X13<0,-X13,X13),"") -> 3.2700082 | Z13: =하이퐁_DATA!R13 -> 6.140087 | AA13: =하이퐁_DATA!S13 -> 12.391732 | AB13: =IFERROR(1+(AA13-Z13)/IF(Z13<0,-Z13,Z13),"") -> 2.0181688 | AC13: =하이퐁_DATA!T13 -> 0 | AD13: =IFERROR(1+(AA13-AC13)/IF(AC13<0,-AC13,AC13),"") | AE13: =하이퐁_DATA!U13 -> 6.0248571 | AF13: =하이퐁_DATA!V13 -> 5.2478242 | AG13: =IFERROR(1+(AF13-AE13)/IF(AE13<0,-AE13,AE13),"") -> 0.87102883 | AH13: =하이퐁_DATA!W13 -> 1.5971482 | AI13: =IFERROR(1+(AF13-AH13)/IF(AH13<0,-AH13,AH13),"") -> 3.2857466 | AJ13: =하이퐁_DATA!X13 -> 4.8938462 | AK13: =하이퐁_DATA!Y13 -> 2.7118518 | AL13: =IFERROR(1+(AK13-AJ13)/IF(AJ13<0,-AJ13,AJ13),"") -> 0.55413507 | AM13: =하이퐁_DATA!Z13 -> 0.21902471 | AN13: =IFERROR(1+(AK13-AM13)/IF(AM13<0,-AM13,AM13),"") -> 12.381488 | AO13: =하이퐁_DATA!AA13 -> 6.073125 | AP13: =하이퐁_DATA!AB13 -> 2.738616 | AQ13: =IFERROR(1+(AP13-AO13)/IF(AO13<0,-AO13,AO13),"") -> 0.45094017 | AR13: =하이퐁_DATA!AC13 -> 1.1828682 | AS13: =IFERROR(1+(AP13-AR13)/IF(AR13<0,-AR13,AR13),"") -> 2.3152334 | AT13: =하이퐁_DATA!AD13 -> 8.0453333 | AU13: =하이퐁_DATA!AE13 -> 0.99584277 | AV13: =IFERROR(1+(AU13-AT13)/IF(AT13<0,-AT13,AT13),"") -> 0.12377893 | AW13: =하이퐁_DATA!AF13 -> 0.31389568 | AX13: =IFERROR(1+(AU13-AW13)/IF(AW13<0,-AW13,AW13),"") -> 3.1725278 | AY13: =하이퐁_DATA!AG13 -> 12.960649 | AZ13: =하이퐁_DATA!AH13 -> 0 | BA13: =IFERROR(1+(AZ13-AY13)/IF(AY13<0,-AY13,AY13),"") -> 0 | BB13: =하이퐁_DATA!AI13 -> 1.4700895 | BC13: =IFERROR(1+(AZ13-BB13)/IF(BB13<0,-BB13,BB13),"") -> 0 | BD13: =하이퐁_DATA!AJ13 -> 24.362215 | BE13: =하이퐁_DATA!AK13 -> 0 | BF13: =IFERROR(1+(BE13-BD13)/IF(BD13<0,-BD13,BD13),"") -> 0 | BG13: =하이퐁_DATA!AL13 -> 7.9103041 | BH13: =IFERROR(1+(BE13-BG13)/IF(BG13<0,-BG13,BG13),"") -> 0 | BI13: =하이퐁_DATA!AM13 -> 44.4004 | BJ13: =하이퐁_DATA!AN13 -> 0 | BK13: =IFERROR(1+(BJ13-BI13)/IF(BI13<0,-BI13,BI13),"") -> 0 | BL13: =하이퐁_DATA!AO13 -> 20.836539 | BM13: =IFERROR(1+(BJ13-BL13)/IF(BL13<0,-BL13,BL13),"") -> 0 | BN13: =하이퐁_DATA!AP13 -> 67.788453 | BO13: =하이퐁_DATA!AQ13 -> 0 | BP13: =IFERROR(1+(BO13-BN13)/IF(BN13<0,-BN13,BN13),"") -> 0 | BQ13: =하이퐁_DATA!AR13 -> 27.93688 | BR13: =IFERROR(1+(BO13-BQ13)/IF(BQ13<0,-BQ13,BQ13),"") -> 0
E14: 멤버 토너먼트 | F14: =K14+P14+U14+Z14+AE14+AJ14+AO14+AT14+AY14+BD14+BI14+BN14 -> 0 | G14: =L14+Q14+V14+AA14+AF14+AK14+AP14+AU14+AZ14+BE14+BK14+BO14 -> #VALUE! | H14: =IFERROR(1+(G14-F14)/IF(F14<0,-F14,F14),"") | I14: =N14+S14+X14+AC14+AH14+AM14+AR14+AW14+BB14+BG14+BM14+BQ14 -> #VALUE! | J14: =IFERROR(1+(G14-I14)/IF(I14<0,-I14,I14),"") | K14: =하이퐁_DATA!I14 -> 0 | L14: =하이퐁_DATA!J14 -> 0 | M14: =IFERROR(1+(L14-K14)/IF(K14<0,-K14,K14),"") | N14: =하이퐁_DATA!K14 -> 0 | O14: =IFERROR(1+(L14-N14)/IF(N14<0,-N14,N14),"") | P14: =하이퐁_DATA!L14 -> 0 | Q14: =하이퐁_DATA!M14 -> 0 | R14: =IFERROR(1+(Q14-P14)/IF(P14<0,-P14,P14),"") | S14: =하이퐁_DATA!N14 -> 0 | T14: =IFERROR(1+(Q14-S14)/IF(S14<0,-S14,S14),"") | U14: =하이퐁_DATA!O14 -> 0 | V14: =하이퐁_DATA!P14 -> 5.4738121 | W14: =IFERROR(1+(V14-U14)/IF(U14<0,-U14,U14),"") | X14: =하이퐁_DATA!Q14 -> 0 | Y14: =IFERROR(1+(V14-X14)/IF(X14<0,-X14,X14),"") | Z14: =하이퐁_DATA!R14 -> 0 | AA14: =하이퐁_DATA!S14 -> 0 | AB14: =IFERROR(1+(AA14-Z14)/IF(Z14<0,-Z14,Z14),"") | AC14: =하이퐁_DATA!T14 -> 0 | AD14: =IFERROR(1+(AA14-AC14)/IF(AC14<0,-AC14,AC14),"") | AE14: =하이퐁_DATA!U14 -> 0 | AF14: =하이퐁_DATA!V14 -> 0 | AG14: =IFERROR(1+(AF14-AE14)/IF(AE14<0,-AE14,AE14),"") | AH14: =하이퐁_DATA!W14 -> 0 | AI14: =IFERROR(1+(AF14-AH14)/IF(AH14<0,-AH14,AH14),"") | AJ14: =하이퐁_DATA!X14 -> 0 | AK14: =하이퐁_DATA!Y14 -> 0 | AL14: =IFERROR(1+(AK14-AJ14)/IF(AJ14<0,-AJ14,AJ14),"") | AM14: =하이퐁_DATA!Z14 -> 0 | AN14: =IFERROR(1+(AK14-AM14)/IF(AM14<0,-AM14,AM14),"") | AO14: =하이퐁_DATA!AA14 -> 0 | AP14: =하이퐁_DATA!AB14 -> 0 | AQ14: =IFERROR(1+(AP14-AO14)/IF(AO14<0,-AO14,AO14),"") | AR14: =하이퐁_DATA!AC14 -> 0 | AS14: =IFERROR(1+(AP14-AR14)/IF(AR14<0,-AR14,AR14),"") | AT14: =하이퐁_DATA!AD14 -> 0 | AU14: =하이퐁_DATA!AE14 -> 0 | AV14: =IFERROR(1+(AU14-AT14)/IF(AT14<0,-AT14,AT14),"") | AW14: =하이퐁_DATA!AF14 -> 0 | AX14: =IFERROR(1+(AU14-AW14)/IF(AW14<0,-AW14,AW14),"") | AY14: =하이퐁_DATA!AG14 -> 0 | AZ14: =하이퐁_DATA!AH14 -> 0 | BA14: =IFERROR(1+(AZ14-AY14)/IF(AY14<0,-AY14,AY14),"") | BB14: =하이퐁_DATA!AI14 -> 0 | BC14: =IFERROR(1+(AZ14-BB14)/IF(BB14<0,-BB14,BB14),"") | BD14: =하이퐁_DATA!AJ14 -> 0 | BE14: =하이퐁_DATA!AK14 -> 0 | BF14: =IFERROR(1+(BE14-BD14)/IF(BD14<0,-BD14,BD14),"") | BG14: =하이퐁_DATA!AL14 -> 0 | BH14: =IFERROR(1+(BE14-BG14)/IF(BG14<0,-BG14,BG14),"") | BI14: =하이퐁_DATA!AM14 -> 0 | BJ14: =하이퐁_DATA!AN14 -> 0 | BK14: =IFERROR(1+(BJ14-BI14)/IF(BI14<0,-BI14,BI14),"") | BL14: =하이퐁_DATA!AO14 -> 0 | BM14: =IFERROR(1+(BJ14-BL14)/IF(BL14<0,-BL14,BL14),"") | BN14: =하이퐁_DATA!AP14 -> 0 | BO14: =하이퐁_DATA!AQ14 -> 0 | BP14: =IFERROR(1+(BO14-BN14)/IF(BN14<0,-BN14,BN14),"") | BQ14: =하이퐁_DATA!AR14 -> 0 | BR14: =IFERROR(1+(BO14-BQ14)/IF(BQ14<0,-BQ14,BQ14),"")
E15: 멤버 Agency | F15: =K15+P15+U15+Z15+AE15+AJ15+AO15+AT15+AY15+BD15+BI15+BN15 -> 0 | G15: =L15+Q15+V15+AA15+AF15+AK15+AP15+AU15+AZ15+BE15+BK15+BO15 -> #VALUE! | H15: =IFERROR(1+(G15-F15)/IF(F15<0,-F15,F15),"") | I15: =N15+S15+X15+AC15+AH15+AM15+AR15+AW15+BB15+BG15+BM15+BQ15 -> #VALUE! | J15: =IFERROR(1+(G15-I15)/IF(I15<0,-I15,I15),"") | K15: =하이퐁_DATA!I15 -> 0 | L15: =하이퐁_DATA!J15 -> 0 | M15: =IFERROR(1+(L15-K15)/IF(K15<0,-K15,K15),"") | N15: =하이퐁_DATA!K15 -> 0 | O15: =IFERROR(1+(L15-N15)/IF(N15<0,-N15,N15),"") | P15: =하이퐁_DATA!L15 -> 0 | Q15: =하이퐁_DATA!M15 -> 0 | R15: =IFERROR(1+(Q15-P15)/IF(P15<0,-P15,P15),"") | S15: =하이퐁_DATA!N15 -> 0 | T15: =IFERROR(1+(Q15-S15)/IF(S15<0,-S15,S15),"") | U15: =하이퐁_DATA!O15 -> 0 | V15: =하이퐁_DATA!P15 -> 0 | W15: =IFERROR(1+(V15-U15)/IF(U15<0,-U15,U15),"") | X15: =하이퐁_DATA!Q15 -> 0 | Y15: =IFERROR(1+(V15-X15)/IF(X15<0,-X15,X15),"") | Z15: =하이퐁_DATA!R15 -> 0 | AA15: =하이퐁_DATA!S15 -> 0 | AB15: =IFERROR(1+(AA15-Z15)/IF(Z15<0,-Z15,Z15),"") | AC15: =하이퐁_DATA!T15 -> 0 | AD15: =IFERROR(1+(AA15-AC15)/IF(AC15<0,-AC15,AC15),"") | AE15: =하이퐁_DATA!U15 -> 0 | AF15: =하이퐁_DATA!V15 -> 0 | AG15: =IFERROR(1+(AF15-AE15)/IF(AE15<0,-AE15,AE15),"") | AH15: =하이퐁_DATA!W15 -> 0 | AI15: =IFERROR(1+(AF15-AH15)/IF(AH15<0,-AH15,AH15),"") | AJ15: =하이퐁_DATA!X15 -> 0 | AK15: =하이퐁_DATA!Y15 -> 0 | AL15: =IFERROR(1+(AK15-AJ15)/IF(AJ15<0,-AJ15,AJ15),"") | AM15: =하이퐁_DATA!Z15 -> 0 | AN15: =IFERROR(1+(AK15-AM15)/IF(AM15<0,-AM15,AM15),"") | AO15: =하이퐁_DATA!AA15 -> 0 | AP15: =하이퐁_DATA!AB15 -> 0 | AQ15: =IFERROR(1+(AP15-AO15)/IF(AO15<0,-AO15,AO15),"") | AR15: =하이퐁_DATA!AC15 -> 0 | AS15: =IFERROR(1+(AP15-AR15)/IF(AR15<0,-AR15,AR15),"") | AT15: =하이퐁_DATA!AD15 -> 0 | AU15: =하이퐁_DATA!AE15 -> 0 | AV15: =IFERROR(1+(AU15-AT15)/IF(AT15<0,-AT15,AT15),"") | AW15: =하이퐁_DATA!AF15 -> 0 | AX15: =IFERROR(1+(AU15-AW15)/IF(AW15<0,-AW15,AW15),"") | AY15: =하이퐁_DATA!AG15 -> 0 | AZ15: =하이퐁_DATA!AH15 -> 0 | BA15: =IFERROR(1+(AZ15-AY15)/IF(AY15<0,-AY15,AY15),"") | BB15: =하이퐁_DATA!AI15 -> 0 | BC15: =IFERROR(1+(AZ15-BB15)/IF(BB15<0,-BB15,BB15),"") | BD15: =하이퐁_DATA!AJ15 -> 0 | BE15: =하이퐁_DATA!AK15 -> 0 | BF15: =IFERROR(1+(BE15-BD15)/IF(BD15<0,-BD15,BD15),"") | BG15: =하이퐁_DATA!AL15 -> 0 | BH15: =IFERROR(1+(BE15-BG15)/IF(BG15<0,-BG15,BG15),"") | BI15: =하이퐁_DATA!AM15 -> 0 | BJ15: =하이퐁_DATA!AN15 -> 0 | BK15: =IFERROR(1+(BJ15-BI15)/IF(BI15<0,-BI15,BI15),"") | BL15: =하이퐁_DATA!AO15 -> 0 | BM15: =IFERROR(1+(BJ15-BL15)/IF(BL15<0,-BL15,BL15),"") | BN15: =하이퐁_DATA!AP15 -> 0 | BO15: =하이퐁_DATA!AQ15 -> 0 | BP15: =IFERROR(1+(BO15-BN15)/IF(BN15<0,-BN15,BN15),"") | BQ15: =하이퐁_DATA!AR15 -> 0 | BR15: =IFERROR(1+(BO15-BQ15)/IF(BQ15<0,-BQ15,BQ15),"")
E16: 그린휴(스테이션) | F16: =K16+P16+U16+Z16+AE16+AJ16+AO16+AT16+AY16+BD16+BI16+BN16 -> 0 | G16: =L16+Q16+V16+AA16+AF16+AK16+AP16+AU16+AZ16+BE16+BK16+BO16 -> #VALUE! | H16: =IFERROR(1+(G16-F16)/IF(F16<0,-F16,F16),"") | I16: =N16+S16+X16+AC16+AH16+AM16+AR16+AW16+BB16+BG16+BM16+BQ16 -> #VALUE! | J16: =IFERROR(1+(G16-I16)/IF(I16<0,-I16,I16),"") | K16: =하이퐁_DATA!I16 -> 0 | L16: =하이퐁_DATA!J16 -> 0 | M16: =IFERROR(1+(L16-K16)/IF(K16<0,-K16,K16),"") | N16: =하이퐁_DATA!K16 -> 0 | O16: =IFERROR(1+(L16-N16)/IF(N16<0,-N16,N16),"") | P16: =하이퐁_DATA!L16 -> 0 | Q16: =하이퐁_DATA!M16 -> 0 | R16: =IFERROR(1+(Q16-P16)/IF(P16<0,-P16,P16),"") | S16: =하이퐁_DATA!N16 -> 0 | T16: =IFERROR(1+(Q16-S16)/IF(S16<0,-S16,S16),"") | U16: =하이퐁_DATA!O16 -> 0 | V16: =하이퐁_DATA!P16 -> 0 | W16: =IFERROR(1+(V16-U16)/IF(U16<0,-U16,U16),"") | X16: =하이퐁_DATA!Q16 -> 0 | Y16: =IFERROR(1+(V16-X16)/IF(X16<0,-X16,X16),"") | Z16: =하이퐁_DATA!R16 -> 0 | AA16: =하이퐁_DATA!S16 -> 0 | AB16: =IFERROR(1+(AA16-Z16)/IF(Z16<0,-Z16,Z16),"") | AC16: =하이퐁_DATA!T16 -> 0 | AD16: =IFERROR(1+(AA16-AC16)/IF(AC16<0,-AC16,AC16),"") | AE16: =하이퐁_DATA!U16 -> 0 | AF16: =하이퐁_DATA!V16 -> 0 | AG16: =IFERROR(1+(AF16-AE16)/IF(AE16<0,-AE16,AE16),"") | AH16: =하이퐁_DATA!W16 -> 0 | AI16: =IFERROR(1+(AF16-AH16)/IF(AH16<0,-AH16,AH16),"") | AJ16: =하이퐁_DATA!X16 -> 0 | AK16: =하이퐁_DATA!Y16 -> 0 | AL16: =IFERROR(1+(AK16-AJ16)/IF(AJ16<0,-AJ16,AJ16),"") | AM16: =하이퐁_DATA!Z16 -> 0 | AN16: =IFERROR(1+(AK16-AM16)/IF(AM16<0,-AM16,AM16),"") | AO16: =하이퐁_DATA!AA16 -> 0 | AP16: =하이퐁_DATA!AB16 -> 0 | AQ16: =IFERROR(1+(AP16-AO16)/IF(AO16<0,-AO16,AO16),"") | AR16: =하이퐁_DATA!AC16 -> 0 | AS16: =IFERROR(1+(AP16-AR16)/IF(AR16<0,-AR16,AR16),"") | AT16: =하이퐁_DATA!AD16 -> 0 | AU16: =하이퐁_DATA!AE16 -> 0 | AV16: =IFERROR(1+(AU16-AT16)/IF(AT16<0,-AT16,AT16),"") | AW16: =하이퐁_DATA!AF16 -> 0 | AX16: =IFERROR(1+(AU16-AW16)/IF(AW16<0,-AW16,AW16),"") | AY16: =하이퐁_DATA!AG16 -> 0 | AZ16: =하이퐁_DATA!AH16 -> 0 | BA16: =IFERROR(1+(AZ16-AY16)/IF(AY16<0,-AY16,AY16),"") | BB16: =하이퐁_DATA!AI16 -> 0 | BC16: =IFERROR(1+(AZ16-BB16)/IF(BB16<0,-BB16,BB16),"") | BD16: =하이퐁_DATA!AJ16 -> 0 | BE16: =하이퐁_DATA!AK16 -> 0 | BF16: =IFERROR(1+(BE16-BD16)/IF(BD16<0,-BD16,BD16),"") | BG16: =하이퐁_DATA!AL16 -> 0 | BH16: =IFERROR(1+(BE16-BG16)/IF(BG16<0,-BG16,BG16),"") | BI16: =하이퐁_DATA!AM16 -> 0 | BJ16: =하이퐁_DATA!AN16 -> 0 | BK16: =IFERROR(1+(BJ16-BI16)/IF(BI16<0,-BI16,BI16),"") | BL16: =하이퐁_DATA!AO16 -> 0 | BM16: =IFERROR(1+(BJ16-BL16)/IF(BL16<0,-BL16,BL16),"") | BN16: =하이퐁_DATA!AP16 -> 0 | BO16: =하이퐁_DATA!AQ16 -> 0 | BP16: =IFERROR(1+(BO16-BN16)/IF(BN16<0,-BN16,BN16),"") | BQ16: =하이퐁_DATA!AR16 -> 0 | BR16: =IFERROR(1+(BO16-BQ16)/IF(BQ16<0,-BQ16,BQ16),"")
E17: 호성투어(멤버) | F17: =K17+P17+U17+Z17+AE17+AJ17+AO17+AT17+AY17+BD17+BI17+BN17 -> 0 | G17: =L17+Q17+V17+AA17+AF17+AK17+AP17+AU17+AZ17+BE17+BK17+BO17 -> #VALUE! | H17: =IFERROR(1+(G17-F17)/IF(F17<0,-F17,F17),"") | I17: =N17+S17+X17+AC17+AH17+AM17+AR17+AW17+BB17+BG17+BM17+BQ17 -> #VALUE! | J17: =IFERROR(1+(G17-I17)/IF(I17<0,-I17,I17),"") | K17: =하이퐁_DATA!I17 -> 0 | L17: =하이퐁_DATA!J17 -> 0.0813989 | M17: =IFERROR(1+(L17-K17)/IF(K17<0,-K17,K17),"") | N17: =하이퐁_DATA!K17 -> 0 | O17: =IFERROR(1+(L17-N17)/IF(N17<0,-N17,N17),"") | P17: =하이퐁_DATA!L17 -> 0 | Q17: =하이퐁_DATA!M17 -> 0 | R17: =IFERROR(1+(Q17-P17)/IF(P17<0,-P17,P17),"") | S17: =하이퐁_DATA!N17 -> 0 | T17: =IFERROR(1+(Q17-S17)/IF(S17<0,-S17,S17),"") | U17: =하이퐁_DATA!O17 -> 0 | V17: =하이퐁_DATA!P17 -> 0 | W17: =IFERROR(1+(V17-U17)/IF(U17<0,-U17,U17),"") | X17: =하이퐁_DATA!Q17 -> 4.0668729 | Y17: =IFERROR(1+(V17-X17)/IF(X17<0,-X17,X17),"") -> 0 | Z17: =하이퐁_DATA!R17 -> 0 | AA17: =하이퐁_DATA!S17 -> 0 | AB17: =IFERROR(1+(AA17-Z17)/IF(Z17<0,-Z17,Z17),"") | AC17: =하이퐁_DATA!T17 -> 1.7242304 | AD17: =IFERROR(1+(AA17-AC17)/IF(AC17<0,-AC17,AC17),"") -> 0 | AE17: =하이퐁_DATA!U17 -> 0 | AF17: =하이퐁_DATA!V17 -> 0 | AG17: =IFERROR(1+(AF17-AE17)/IF(AE17<0,-AE17,AE17),"") | AH17: =하이퐁_DATA!W17 -> 0.25383387 | AI17: =IFERROR(1+(AF17-AH17)/IF(AH17<0,-AH17,AH17),"") -> 0 | AJ17: =하이퐁_DATA!X17 -> 0 | AK17: =하이퐁_DATA!Y17 -> 0 | AL17: =IFERROR(1+(AK17-AJ17)/IF(AJ17<0,-AJ17,AJ17),"") | AM17: =하이퐁_DATA!Z17 -> 0.66447728 | AN17: =IFERROR(1+(AK17-AM17)/IF(AM17<0,-AM17,AM17),"") -> 0 | AO17: =하이퐁_DATA!AA17 -> 0 | AP17: =하이퐁_DATA!AB17 -> 0 | AQ17: =IFERROR(1+(AP17-AO17)/IF(AO17<0,-AO17,AO17),"") | AR17: =하이퐁_DATA!AC17 -> 1.8240734 | AS17: =IFERROR(1+(AP17-AR17)/IF(AR17<0,-AR17,AR17),"") -> 0 | AT17: =하이퐁_DATA!AD17 -> 0 | AU17: =하이퐁_DATA!AE17 -> 0 | AV17: =IFERROR(1+(AU17-AT17)/IF(AT17<0,-AT17,AT17),"") | AW17: =하이퐁_DATA!AF17 -> 5.2313718 | AX17: =IFERROR(1+(AU17-AW17)/IF(AW17<0,-AW17,AW17),"") -> 0 | AY17: =하이퐁_DATA!AG17 -> 0 | AZ17: =하이퐁_DATA!AH17 -> 0 | BA17: =IFERROR(1+(AZ17-AY17)/IF(AY17<0,-AY17,AY17),"") | BB17: =하이퐁_DATA!AI17 -> 3.140211 | BC17: =IFERROR(1+(AZ17-BB17)/IF(BB17<0,-BB17,BB17),"") -> 0 | BD17: =하이퐁_DATA!AJ17 -> 0 | BE17: =하이퐁_DATA!AK17 -> 0 | BF17: =IFERROR(1+(BE17-BD17)/IF(BD17<0,-BD17,BD17),"") | BG17: =하이퐁_DATA!AL17 -> 0 | BH17: =IFERROR(1+(BE17-BG17)/IF(BG17<0,-BG17,BG17),"") | BI17: =하이퐁_DATA!AM17 -> 0 | BJ17: =하이퐁_DATA!AN17 -> 0 | BK17: =IFERROR(1+(BJ17-BI17)/IF(BI17<0,-BI17,BI17),"") | BL17: =하이퐁_DATA!AO17 -> 0 | BM17: =IFERROR(1+(BJ17-BL17)/IF(BL17<0,-BL17,BL17),"") | BN17: =하이퐁_DATA!AP17 -> 0 | BO17: =하이퐁_DATA!AQ17 -> 0 | BP17: =IFERROR(1+(BO17-BN17)/IF(BN17<0,-BN17,BN17),"") | BQ17: =하이퐁_DATA!AR17 -> 0 | BR17: =IFERROR(1+(BO17-BQ17)/IF(BQ17<0,-BQ17,BQ17),"")
E18: SONO멤버(현지) | F18: =K18+P18+U18+Z18+AE18+AJ18+AO18+AT18+AY18+BD18+BI18+BN18 -> 0 | G18: =L18+Q18+V18+AA18+AF18+AK18+AP18+AU18+AZ18+BE18+BK18+BO18 -> #VALUE! | H18: =IFERROR(1+(G18-F18)/IF(F18<0,-F18,F18),"") | I18: =N18+S18+X18+AC18+AH18+AM18+AR18+AW18+BB18+BG18+BM18+BQ18 -> #VALUE! | J18: =IFERROR(1+(G18-I18)/IF(I18<0,-I18,I18),"") | K18: =하이퐁_DATA!I18 -> 0 | L18: =하이퐁_DATA!J18 -> 0.34458723 | M18: =IFERROR(1+(L18-K18)/IF(K18<0,-K18,K18),"") | N18: =하이퐁_DATA!K18 -> 0 | O18: =IFERROR(1+(L18-N18)/IF(N18<0,-N18,N18),"") | P18: =하이퐁_DATA!L18 -> 0 | Q18: =하이퐁_DATA!M18 -> 0 | R18: =IFERROR(1+(Q18-P18)/IF(P18<0,-P18,P18),"") | S18: =하이퐁_DATA!N18 -> 0 | T18: =IFERROR(1+(Q18-S18)/IF(S18<0,-S18,S18),"") | U18: =하이퐁_DATA!O18 -> 0 | V18: =하이퐁_DATA!P18 -> 0 | W18: =IFERROR(1+(V18-U18)/IF(U18<0,-U18,U18),"") | X18: =하이퐁_DATA!Q18 -> 0 | Y18: =IFERROR(1+(V18-X18)/IF(X18<0,-X18,X18),"") | Z18: =하이퐁_DATA!R18 -> 0 | AA18: =하이퐁_DATA!S18 -> 0 | AB18: =IFERROR(1+(AA18-Z18)/IF(Z18<0,-Z18,Z18),"") | AC18: =하이퐁_DATA!T18 -> 0 | AD18: =IFERROR(1+(AA18-AC18)/IF(AC18<0,-AC18,AC18),"") | AE18: =하이퐁_DATA!U18 -> 0 | AF18: =하이퐁_DATA!V18 -> 0 | AG18: =IFERROR(1+(AF18-AE18)/IF(AE18<0,-AE18,AE18),"") | AH18: =하이퐁_DATA!W18 -> 0 | AI18: =IFERROR(1+(AF18-AH18)/IF(AH18<0,-AH18,AH18),"") | AJ18: =하이퐁_DATA!X18 -> 0 | AK18: =하이퐁_DATA!Y18 -> 0 | AL18: =IFERROR(1+(AK18-AJ18)/IF(AJ18<0,-AJ18,AJ18),"") | AM18: =하이퐁_DATA!Z18 -> 0 | AN18: =IFERROR(1+(AK18-AM18)/IF(AM18<0,-AM18,AM18),"") | AO18: =하이퐁_DATA!AA18 -> 0 | AP18: =하이퐁_DATA!AB18 -> 0 | AQ18: =IFERROR(1+(AP18-AO18)/IF(AO18<0,-AO18,AO18),"") | AR18: =하이퐁_DATA!AC18 -> 0 | AS18: =IFERROR(1+(AP18-AR18)/IF(AR18<0,-AR18,AR18),"") | AT18: =하이퐁_DATA!AD18 -> 0 | AU18: =하이퐁_DATA!AE18 -> 0 | AV18: =IFERROR(1+(AU18-AT18)/IF(AT18<0,-AT18,AT18),"") | AW18: =하이퐁_DATA!AF18 -> 0 | AX18: =IFERROR(1+(AU18-AW18)/IF(AW18<0,-AW18,AW18),"") | AY18: =하이퐁_DATA!AG18 -> 0 | AZ18: =하이퐁_DATA!AH18 -> 0 | BA18: =IFERROR(1+(AZ18-AY18)/IF(AY18<0,-AY18,AY18),"") | BB18: =하이퐁_DATA!AI18 -> 0 | BC18: =IFERROR(1+(AZ18-BB18)/IF(BB18<0,-BB18,BB18),"") | BD18: =하이퐁_DATA!AJ18 -> 0 | BE18: =하이퐁_DATA!AK18 -> 0 | BF18: =IFERROR(1+(BE18-BD18)/IF(BD18<0,-BD18,BD18),"") | BG18: =하이퐁_DATA!AL18 -> 0 | BH18: =IFERROR(1+(BE18-BG18)/IF(BG18<0,-BG18,BG18),"") | BI18: =하이퐁_DATA!AM18 -> 0 | BJ18: =하이퐁_DATA!AN18 -> 0 | BK18: =IFERROR(1+(BJ18-BI18)/IF(BI18<0,-BI18,BI18),"") | BL18: =하이퐁_DATA!AO18 -> 0 | BM18: =IFERROR(1+(BJ18-BL18)/IF(BL18<0,-BL18,BL18),"") | BN18: =하이퐁_DATA!AP18 -> 0 | BO18: =하이퐁_DATA!AQ18 -> 0 | BP18: =IFERROR(1+(BO18-BN18)/IF(BN18<0,-BN18,BN18),"") | BQ18: =하이퐁_DATA!AR18 -> 0 | BR18: =IFERROR(1+(BO18-BQ18)/IF(BQ18<0,-BQ18,BQ18),"")
E19: 현대그룹 | F19: =K19+P19+U19+Z19+AE19+AJ19+AO19+AT19+AY19+BD19+BI19+BN19 -> 2 | G19: =L19+Q19+V19+AA19+AF19+AK19+AP19+AU19+AZ19+BE19+BK19+BO19 -> #VALUE! | H19: =IFERROR(1+(G19-F19)/IF(F19<0,-F19,F19),"") | I19: =N19+S19+X19+AC19+AH19+AM19+AR19+AW19+BB19+BG19+BM19+BQ19 -> #VALUE! | J19: =IFERROR(1+(G19-I19)/IF(I19<0,-I19,I19),"") | K19: =하이퐁_DATA!I19 -> 0 | L19: =하이퐁_DATA!J19 -> 0.54439194 | M19: =IFERROR(1+(L19-K19)/IF(K19<0,-K19,K19),"") | N19: =하이퐁_DATA!K19 -> 0 | O19: =IFERROR(1+(L19-N19)/IF(N19<0,-N19,N19),"") | P19: =하이퐁_DATA!L19 -> 0 | Q19: =하이퐁_DATA!M19 -> 0.30912154 | R19: =IFERROR(1+(Q19-P19)/IF(P19<0,-P19,P19),"") | S19: =하이퐁_DATA!N19 -> 0 | T19: =IFERROR(1+(Q19-S19)/IF(S19<0,-S19,S19),"") | U19: =하이퐁_DATA!O19 -> 2 | V19: =하이퐁_DATA!P19 -> 0 | W19: =IFERROR(1+(V19-U19)/IF(U19<0,-U19,U19),"") -> 0 | X19: =하이퐁_DATA!Q19 -> 0.33616049 | Y19: =IFERROR(1+(V19-X19)/IF(X19<0,-X19,X19),"") -> 0 | Z19: =하이퐁_DATA!R19 -> 0 | AA19: =하이퐁_DATA!S19 -> 0 | AB19: =IFERROR(1+(AA19-Z19)/IF(Z19<0,-Z19,Z19),"") | AC19: =하이퐁_DATA!T19 -> 0 | AD19: =IFERROR(1+(AA19-AC19)/IF(AC19<0,-AC19,AC19),"") | AE19: =하이퐁_DATA!U19 -> 0 | AF19: =하이퐁_DATA!V19 -> 0 | AG19: =IFERROR(1+(AF19-AE19)/IF(AE19<0,-AE19,AE19),"") | AH19: =하이퐁_DATA!W19 -> 0 | AI19: =IFERROR(1+(AF19-AH19)/IF(AH19<0,-AH19,AH19),"") | AJ19: =하이퐁_DATA!X19 -> 0 | AK19: =하이퐁_DATA!Y19 -> 0 | AL19: =IFERROR(1+(AK19-AJ19)/IF(AJ19<0,-AJ19,AJ19),"") | AM19: =하이퐁_DATA!Z19 -> 0 | AN19: =IFERROR(1+(AK19-AM19)/IF(AM19<0,-AM19,AM19),"") | AO19: =하이퐁_DATA!AA19 -> 0 | AP19: =하이퐁_DATA!AB19 -> 0 | AQ19: =IFERROR(1+(AP19-AO19)/IF(AO19<0,-AO19,AO19),"") | AR19: =하이퐁_DATA!AC19 -> 0 | AS19: =IFERROR(1+(AP19-AR19)/IF(AR19<0,-AR19,AR19),"") | AT19: =하이퐁_DATA!AD19 -> 0 | AU19: =하이퐁_DATA!AE19 -> 0 | AV19: =IFERROR(1+(AU19-AT19)/IF(AT19<0,-AT19,AT19),"") | AW19: =하이퐁_DATA!AF19 -> 0 | AX19: =IFERROR(1+(AU19-AW19)/IF(AW19<0,-AW19,AW19),"") | AY19: =하이퐁_DATA!AG19 -> 0 | AZ19: =하이퐁_DATA!AH19 -> 0 | BA19: =IFERROR(1+(AZ19-AY19)/IF(AY19<0,-AY19,AY19),"") | BB19: =하이퐁_DATA!AI19 -> 0 | BC19: =IFERROR(1+(AZ19-BB19)/IF(BB19<0,-BB19,BB19),"") | BD19: =하이퐁_DATA!AJ19 -> 0 | BE19: =하이퐁_DATA!AK19 -> 0 | BF19: =IFERROR(1+(BE19-BD19)/IF(BD19<0,-BD19,BD19),"") | BG19: =하이퐁_DATA!AL19 -> 0 | BH19: =IFERROR(1+(BE19-BG19)/IF(BG19<0,-BG19,BG19),"") | BI19: =하이퐁_DATA!AM19 -> 0 | BJ19: =하이퐁_DATA!AN19 -> 0 | BK19: =IFERROR(1+(BJ19-BI19)/IF(BI19<0,-BI19,BI19),"") | BL19: =하이퐁_DATA!AO19 -> 0 | BM19: =IFERROR(1+(BJ19-BL19)/IF(BL19<0,-BL19,BL19),"") | BN19: =하이퐁_DATA!AP19 -> 0 | BO19: =하이퐁_DATA!AQ19 -> 0 | BP19: =IFERROR(1+(BO19-BN19)/IF(BN19<0,-BN19,BN19),"") | BQ19: =하이퐁_DATA!AR19 -> 0.49568243 | BR19: =IFERROR(1+(BO19-BQ19)/IF(BQ19<0,-BQ19,BQ19),"") -> 0
E20: 여행사(한국) | F20: =K20+P20+U20+Z20+AE20+AJ20+AO20+AT20+AY20+BD20+BI20+BN20 -> 515.45776 | G20: =L20+Q20+V20+AA20+AF20+AK20+AP20+AU20+AZ20+BE20+BK20+BO20 -> 108.54885 | H20: =IFERROR(1+(G20-F20)/IF(F20<0,-F20,F20),"") -> 0.21058729 | I20: =N20+S20+X20+AC20+AH20+AM20+AR20+AW20+BB20+BG20+BM20+BQ20 -> 313.27551 | J20: =IFERROR(1+(G20-I20)/IF(I20<0,-I20,I20),"") -> 0.34649646 | K20: =하이퐁_DATA!I20 -> 101.15566 | L20: =하이퐁_DATA!J20 -> 61.233235 | M20: =IFERROR(1+(L20-K20)/IF(K20<0,-K20,K20),"") -> 0.60533672 | N20: =하이퐁_DATA!K20 -> 124.38108 | O20: =IFERROR(1+(L20-N20)/IF(N20<0,-N20,N20),"") -> 0.49230346 | P20: =하이퐁_DATA!L20 -> 67.639439 | Q20: =하이퐁_DATA!M20 -> 28.093281 | R20: =IFERROR(1+(Q20-P20)/IF(P20<0,-P20,P20),"") -> 0.41533877 | S20: =하이퐁_DATA!N20 -> 80.554852 | T20: =IFERROR(1+(Q20-S20)/IF(S20<0,-S20,S20),"") -> 0.34874723 | U20: =하이퐁_DATA!O20 -> 38.751 | V20: =하이퐁_DATA!P20 -> 7.7611061 | W20: =IFERROR(1+(V20-U20)/IF(U20<0,-U20,U20),"") -> 0.20028144 | X20: =하이퐁_DATA!Q20 -> 24.381205 | Y20: =IFERROR(1+(V20-X20)/IF(X20<0,-X20,X20),"") -> 0.31832331 | Z20: =하이퐁_DATA!R20 -> 15.350217 | AA20: =하이퐁_DATA!S20 -> 3.8007533 | AB20: =IFERROR(1+(AA20-Z20)/IF(Z20<0,-Z20,Z20),"") -> 0.24760257 | AC20: =하이퐁_DATA!T20 -> 11.041238 | AD20: =IFERROR(1+(AA20-AC20)/IF(AC20<0,-AC20,AC20),"") -> 0.34423254 | AE20: =하이퐁_DATA!U20 -> 14.058 | AF20: =하이퐁_DATA!V20 -> 2.1503351 | AG20: =IFERROR(1+(AF20-AE20)/IF(AE20<0,-AE20,AE20),"") -> 0.15296166 | AH20: =하이퐁_DATA!W20 -> 12.243281 | AI20: =IFERROR(1+(AF20-AH20)/IF(AH20<0,-AH20,AH20),"") -> 0.17563388 | AJ20: =하이퐁_DATA!X20 -> 7.8301538 | AK20: =하이퐁_DATA!Y20 -> 0.82035065 | AL20: =IFERROR(1+(AK20-AJ20)/IF(AJ20<0,-AJ20,AJ20),"") -> 0.10476814 | AM20: =하이퐁_DATA!Z20 -> 4.4221846 | AN20: =IFERROR(1+(AK20-AM20)/IF(AM20<0,-AM20,AM20),"") -> 0.18550801 | AO20: =하이퐁_DATA!AA20 -> 10.121875 | AP20: =하이퐁_DATA!AB20 -> 4.1380519 | AQ20: =IFERROR(1+(AP20-AO20)/IF(AO20<0,-AO20,AO20),"") -> 0.40882267 | AR20: =하이퐁_DATA!AC20 -> 6.5906981 | AS20: =IFERROR(1+(AP20-AR20)/IF(AR20<0,-AR20,AR20),"") -> 0.62786246 | AT20: =하이퐁_DATA!AD20 -> 13.073667 | AU20: =하이퐁_DATA!AE20 -> 0.55174026 | AV20: =IFERROR(1+(AU20-AT20)/IF(AT20<0,-AT20,AT20),"") -> 0.042202411 | AW20: =하이퐁_DATA!AF20 -> 3.5182878 | AX20: =IFERROR(1+(AU20-AW20)/IF(AW20<0,-AW20,AW20),"") -> 0.15682067 | AY20: =하이퐁_DATA!AG20 -> 22.930378 | AZ20: =하이퐁_DATA!AH20 -> 0 | BA20: =IFERROR(1+(AZ20-AY20)/IF(AY20<0,-AY20,AY20),"") -> 0 | BB20: =하이퐁_DATA!AI20 -> 4.6043635 | BC20: =IFERROR(1+(AZ20-BB20)/IF(BB20<0,-BB20,BB20),"") -> 0 | BD20: =하이퐁_DATA!AJ20 -> 39.5886 | BE20: =하이퐁_DATA!AK20 -> 0 | BF20: =IFERROR(1+(BE20-BD20)/IF(BD20<0,-BD20,BD20),"") -> 0 | BG20: =하이퐁_DATA!AL20 -> 12.62378 | BH20: =IFERROR(1+(BE20-BG20)/IF(BG20<0,-BG20,BG20),"") -> 0 | BI20: =하이퐁_DATA!AM20 -> 73.6643 | BJ20: =하이퐁_DATA!AN20 -> 0 | BK20: =IFERROR(1+(BJ20-BI20)/IF(BI20<0,-BI20,BI20),"") -> 0 | BL20: =하이퐁_DATA!AO20 -> 17.261823 | BM20: =IFERROR(1+(BJ20-BL20)/IF(BL20<0,-BL20,BL20),"") -> 0 | BN20: =하이퐁_DATA!AP20 -> 111.29448 | BO20: =하이퐁_DATA!AQ20 -> 0 | BP20: =IFERROR(1+(BO20-BN20)/IF(BN20<0,-BN20,BN20),"") -> 0 | BQ20: =하이퐁_DATA!AR20 -> 28.914536 | BR20: =IFERROR(1+(BO20-BQ20)/IF(BQ20<0,-BQ20,BQ20),"") -> 0
E21: 전략여행사 | F21: =K21+P21+U21+Z21+AE21+AJ21+AO21+AT21+AY21+BD21+BI21+BN21 -> 348.3591 | G21: =L21+Q21+V21+AA21+AF21+AK21+AP21+AU21+AZ21+BE21+BK21+BO21 -> 62.833521 | H21: =IFERROR(1+(G21-F21)/IF(F21<0,-F21,F21),"") -> 0.18036997 | I21: =N21+S21+X21+AC21+AH21+AM21+AR21+AW21+BB21+BG21+BM21+BQ21 -> 139.30998 | J21: =IFERROR(1+(G21-I21)/IF(I21<0,-I21,I21),"") -> 0.45103389 | K21: =하이퐁_DATA!I21 -> 69.106341 | L21: =하이퐁_DATA!J21 -> 37.383886 | M21: =IFERROR(1+(L21-K21)/IF(K21<0,-K21,K21),"") -> 0.54096173 | N21: =하이퐁_DATA!K21 -> 37.853241 | O21: =IFERROR(1+(L21-N21)/IF(N21<0,-N21,N21),"") -> 0.98760067 | P21: =하이퐁_DATA!L21 -> 46.439018 | Q21: =하이퐁_DATA!M21 -> 13.158273 | R21: =IFERROR(1+(Q21-P21)/IF(P21<0,-P21,P21),"") -> 0.28334521 | S21: =하이퐁_DATA!N21 -> 28.119706 | T21: =IFERROR(1+(Q21-S21)/IF(S21<0,-S21,S21),"") -> 0.4679378 | U21: =하이퐁_DATA!O21 -> 25.834 | V21: =하이퐁_DATA!P21 -> 3.7577995 | W21: =IFERROR(1+(V21-U21)/IF(U21<0,-U21,U21),"") -> 0.14545945 | X21: =하이퐁_DATA!Q21 -> 16.062865 | Y21: =IFERROR(1+(V21-X21)/IF(X21<0,-X21,X21),"") -> 0.23394329 | Z21: =하이퐁_DATA!R21 -> 10.233478 | AA21: =하이퐁_DATA!S21 -> 0.87308468 | AB21: =IFERROR(1+(AA21-Z21)/IF(Z21<0,-Z21,Z21),"") -> 0.085316513 | AC21: =하이퐁_DATA!T21 -> 7.1924819 | AD21: =IFERROR(1+(AA21-AC21)/IF(AC21<0,-AC21,AC21),"") -> 0.12138851 | AE21: =하이퐁_DATA!U21 -> 9.0372857 | AF21: =하이퐁_DATA!V21 -> 2.1503351 | AG21: =IFERROR(1+(AF21-AE21)/IF(AE21<0,-AE21,AE21),"") -> 0.23794037 | AH21: =하이퐁_DATA!W21 -> 10.132197 | AI21: =IFERROR(1+(AF21-AH21)/IF(AH21<0,-AH21,AH21),"") -> 0.21222792 | AJ21: =하이퐁_DATA!X21 -> 4.8938462 | AK21: =하이퐁_DATA!Y21 -> 0.82035065 | AL21: =IFERROR(1+(AK21-AJ21)/IF(AJ21<0,-AJ21,AJ21),"") -> 0.16762902 | AM21: =하이퐁_DATA!Z21 -> 2.691382 | AN21: =IFERROR(1+(AK21-AM21)/IF(AM21<0,-AM21,AM21),"") -> 0.30480647 | AO21: =하이퐁_DATA!AA21 -> 7.0853125 | AP21: =하이퐁_DATA!AB21 -> 4.1380519 | AQ21: =IFERROR(1+(AP21-AO21)/IF(AO21<0,-AO21,AO21),"") -> 0.58403238 | AR21: =하이퐁_DATA!AC21 -> 4.5419322 | AS21: =IFERROR(1+(AP21-AR21)/IF(AR21<0,-AR21,AR21),"") -> 0.91107743 | AT21: =하이퐁_DATA!AD21 -> 9.051 | AU21: =하이퐁_DATA!AE21 -> 0.55174026 | AV21: =IFERROR(1+(AU21-AT21)/IF(AT21<0,-AT21,AT21),"") -> 0.060959039 | AW21: =하이퐁_DATA!AF21 -> 2.4480879 | AX21: =IFERROR(1+(AU21-AW21)/IF(AW21<0,-AW21,AW21),"") -> 0.225376 | AY21: =하이퐁_DATA!AG21 -> 14.954595 | AZ21: =하이퐁_DATA!AH21 -> 0 | BA21: =IFERROR(1+(AZ21-AY21)/IF(AY21<0,-AY21,AY21),"") -> 0 | BB21: =하이퐁_DATA!AI21 -> 3.1842962 | BC21: =IFERROR(1+(AZ21-BB21)/IF(BB21<0,-BB21,BB21),"") -> 0 | BD21: =하이퐁_DATA!AJ21 -> 27.407492 | BE21: =하이퐁_DATA!AK21 -> 0 | BF21: =IFERROR(1+(BE21-BD21)/IF(BD21<0,-BD21,BD21),"") -> 0 | BG21: =하이퐁_DATA!AL21 -> 6.2033815 | BH21: =IFERROR(1+(BE21-BG21)/IF(BG21<0,-BG21,BG21),"") -> 0 | BI21: =하이퐁_DATA!AM21 -> 49.4459 | BJ21: =하이퐁_DATA!AN21 -> 0 | BK21: =IFERROR(1+(BJ21-BI21)/IF(BI21<0,-BI21,BI21),"") -> 0 | BL21: =하이퐁_DATA!AO21 -> 8.4761021 | BM21: =IFERROR(1+(BJ21-BL21)/IF(BL21<0,-BL21,BL21),"") -> 0 | BN21: =하이퐁_DATA!AP21 -> 74.870829 | BO21: =하이퐁_DATA!AQ21 -> 0 | BP21: =IFERROR(1+(BO21-BN21)/IF(BN21<0,-BN21,BN21),"") -> 0 | BQ21: =하이퐁_DATA!AR21 -> 20.880407 | BR21: =IFERROR(1+(BO21-BQ21)/IF(BQ21<0,-BQ21,BQ21),"") -> 0
E22: EDISON | F22: =K22+P22+U22+Z22+AE22+AJ22+AO22+AT22+AY22+BD22+BI22+BN22 -> 217.52116 | G22: =L22+Q22+V22+AA22+AF22+AK22+AP22+AU22+AZ22+BE22+BK22+BO22 -> 35.312266 | H22: =IFERROR(1+(G22-F22)/IF(F22<0,-F22,F22),"") -> 0.16233945 | I22: =N22+S22+X22+AC22+AH22+AM22+AR22+AW22+BB22+BG22+BM22+BQ22 -> 75.794774 | J22: =IFERROR(1+(G22-I22)/IF(I22<0,-I22,I22),"") -> 0.46589315 | K22: =하이퐁_DATA!I22 -> 40.061647 | L22: =하이퐁_DATA!J22 -> 22.884814 | M22: =IFERROR(1+(L22-K22)/IF(K22<0,-K22,K22),"") -> 0.57123997 | N22: =하이퐁_DATA!K22 -> 17.179324 | O22: =IFERROR(1+(L22-N22)/IF(N22<0,-N22,N22),"") -> 1.3321138 | P22: =하이퐁_DATA!L22 -> 28.267228 | Q22: =하이퐁_DATA!M22 -> 7.8008338 | R22: =IFERROR(1+(Q22-P22)/IF(P22<0,-P22,P22),"") -> 0.27596741 | S22: =하이퐁_DATA!N22 -> 11.842373 | T22: =IFERROR(1+(Q22-S22)/IF(S22<0,-S22,S22),"") -> 0.65872218 | U22: =하이퐁_DATA!O22 -> 15.897846 | V22: =하이퐁_DATA!P22 -> 3.335836 | W22: =IFERROR(1+(V22-U22)/IF(U22<0,-U22,U22),"") -> 0.20982943 | X22: =하이퐁_DATA!Q22 -> 7.7561855 | Y22: =IFERROR(1+(V22-X22)/IF(X22<0,-X22,X22),"") -> 0.43008719 | Z22: =하이퐁_DATA!R22 -> 7.1634348 | AA22: =하이퐁_DATA!S22 -> 0.15681039 | AB22: =IFERROR(1+(AA22-Z22)/IF(Z22<0,-Z22,Z22),"") -> 0.021890391 | AC22: =하이퐁_DATA!T22 -> 5.2588915 | AD22: =IFERROR(1+(AA22-AC22)/IF(AC22<0,-AC22,AC22),"") -> 0.029818145 | AE22: =하이퐁_DATA!U22 -> 0 | AF22: =하이퐁_DATA!V22 -> 0.31362078 | AG22: =IFERROR(1+(AF22-AE22)/IF(AE22<0,-AE22,AE22),"") | AH22: =하이퐁_DATA!W22 -> 6.0589725 | AI22: =IFERROR(1+(AF22-AH22)/IF(AH22<0,-AH22,AH22),"") -> 0.05176138 | AJ22: =하이퐁_DATA!X22 -> 3.9150769 | AK22: =하이퐁_DATA!Y22 -> 0.82035065 | AL22: =IFERROR(1+(AK22-AJ22)/IF(AJ22<0,-AJ22,AJ22),"") -> 0.20953628 | AM22: =하이퐁_DATA!Z22 -> 1.1572183 | AN22: =IFERROR(1+(AK22-AM22)/IF(AM22<0,-AM22,AM22),"") -> 0.70889877 | AO22: =하이퐁_DATA!AA22 -> 5.0609375 | AP22: =하이퐁_DATA!AB22 -> 0 | AQ22: =IFERROR(1+(AP22-AO22)/IF(AO22<0,-AO22,AO22),"") -> 0 | AR22: =하이퐁_DATA!AC22 -> 0.28372644 | AS22: =IFERROR(1+(AP22-AR22)/IF(AR22<0,-AR22,AR22),"") -> 0 | AT22: =하이퐁_DATA!AD22 -> 6.034 | AU22: =하이퐁_DATA!AE22 -> 0 | AV22: =IFERROR(1+(AU22-AT22)/IF(AT22<0,-AT22,AT22),"") -> 0 | AW22: =하이퐁_DATA!AF22 -> 1.4957095 | AX22: =IFERROR(1+(AU22-AW22)/IF(AW22<0,-AW22,AW22),"") -> 0 | AY22: =하이퐁_DATA!AG22 -> 9.9697297 | AZ22: =하이퐁_DATA!AH22 -> 0 | BA22: =IFERROR(1+(AZ22-AY22)/IF(AY22<0,-AY22,AY22),"") -> 0 | BB22: =하이퐁_DATA!AI22 -> 1.2246897 | BC22: =IFERROR(1+(AZ22-BB22)/IF(BB22<0,-BB22,BB22),"") -> 0 | BD22: =하이퐁_DATA!AJ22 -> 18.271662 | BE22: =하이퐁_DATA!AK22 -> 0 | BF22: =IFERROR(1+(BE22-BD22)/IF(BD22<0,-BD22,BD22),"") -> 0 | BG22: =하이퐁_DATA!AL22 -> 5.3453846 | BH22: =IFERROR(1+(BE22-BG22)/IF(BG22<0,-BG22,BG22),"") -> 0 | BI22: =하이퐁_DATA!AM22 -> 32.2912 | BJ22: =하이퐁_DATA!AN22 -> 0 | BK22: =IFERROR(1+(BJ22-BI22)/IF(BI22<0,-BI22,BI22),"") -> 0 | BL22: =하이퐁_DATA!AO22 -> 7.1938851 | BM22: =IFERROR(1+(BJ22-BL22)/IF(BL22<0,-BL22,BL22),"") -> 0 | BN22: =하이퐁_DATA!AP22 -> 50.588398 | BO22: =하이퐁_DATA!AQ22 -> 0 | BP22: =IFERROR(1+(BO22-BN22)/IF(BN22<0,-BN22,BN22),"") -> 0 | BQ22: =하이퐁_DATA!AR22 -> 18.192299 | BR22: =IFERROR(1+(BO22-BQ22)/IF(BQ22<0,-BQ22,BQ22),"") -> 0
... E35: ACADEMY(전지훈련) | F35: =K35+P35+U35+Z35+AE35+AJ35+AO35+AT35+AY35+BD35+BI35+BN35 -> 0 | G35: =L35+Q35+V35+AA35+AF35+AK35+AP35+AU35+AZ35+BE35+BK35+BO35 -> #VALUE! | H35: =IFERROR(1+(G35-F35)/IF(F35<0,-F35,F35),"") | I35: =N35+S35+X35+AC35+AH35+AM35+AR35+AW35+BB35+BG35+BM35+BQ35 -> #VALUE! | J35: =IFERROR(1+(G35-I35)/IF(I35<0,-I35,I35),"") | K35: =하이퐁_DATA!I35 -> 0 | L35: =하이퐁_DATA!J35 -> 0 | M35: =IFERROR(1+(L35-K35)/IF(K35<0,-K35,K35),"") | N35: =하이퐁_DATA!K35 -> 43.792455 | O35: =IFERROR(1+(L35-N35)/IF(N35<0,-N35,N35),"") -> 0 | P35: =하이퐁_DATA!L35 -> 0 | Q35: =하이퐁_DATA!M35 -> 0 | R35: =IFERROR(1+(Q35-P35)/IF(P35<0,-P35,P35),"") | S35: =하이퐁_DATA!N35 -> 29.189933 | T35: =IFERROR(1+(Q35-S35)/IF(S35<0,-S35,S35),"") -> 0 | U35: =하이퐁_DATA!O35 -> 0 | V35: =하이퐁_DATA!P35 -> 0 | W35: =IFERROR(1+(V35-U35)/IF(U35<0,-U35,U35),"") | X35: =하이퐁_DATA!Q35 -> 0 | Y35: =IFERROR(1+(V35-X35)/IF(X35<0,-X35,X35),"") | Z35: =하이퐁_DATA!R35 -> 0 | AA35: =하이퐁_DATA!S35 -> 0 | AB35: =IFERROR(1+(AA35-Z35)/IF(Z35<0,-Z35,Z35),"") | AC35: =하이퐁_DATA!T35 -> 0 | AD35: =IFERROR(1+(AA35-AC35)/IF(AC35<0,-AC35,AC35),"") | AE35: =하이퐁_DATA!U35 -> 0 | AF35: =하이퐁_DATA!V35 -> 0 | AG35: =IFERROR(1+(AF35-AE35)/IF(AE35<0,-AE35,AE35),"") | AH35: =하이퐁_DATA!W35 -> 0 | AI35: =IFERROR(1+(AF35-AH35)/IF(AH35<0,-AH35,AH35),"") | AJ35: =하이퐁_DATA!X35 -> 0 | AK35: =하이퐁_DATA!Y35 -> 0 | AL35: =IFERROR(1+(AK35-AJ35)/IF(AJ35<0,-AJ35,AJ35),"") | AM35: =하이퐁_DATA!Z35 -> 0 | AN35: =IFERROR(1+(AK35-AM35)/IF(AM35<0,-AM35,AM35),"") | AO35: =하이퐁_DATA!AA35 -> 0 | AP35: =하이퐁_DATA!AB35 -> 0 | AQ35: =IFERROR(1+(AP35-AO35)/IF(AO35<0,-AO35,AO35),"") | AR35: =하이퐁_DATA!AC35 -> 0 | AS35: =IFERROR(1+(AP35-AR35)/IF(AR35<0,-AR35,AR35),"") | AT35: =하이퐁_DATA!AD35 -> 0 | AU35: =하이퐁_DATA!AE35 -> 0 | AV35: =IFERROR(1+(AU35-AT35)/IF(AT35<0,-AT35,AT35),"") | AW35: =하이퐁_DATA!AF35 -> 0 | AX35: =IFERROR(1+(AU35-AW35)/IF(AW35<0,-AW35,AW35),"") | AY35: =하이퐁_DATA!AG35 -> 0 | AZ35: =하이퐁_DATA!AH35 -> 0 | BA35: =IFERROR(1+(AZ35-AY35)/IF(AY35<0,-AY35,AY35),"") | BB35: =하이퐁_DATA!AI35 -> 0 | BC35: =IFERROR(1+(AZ35-BB35)/IF(BB35<0,-BB35,BB35),"") | BD35: =하이퐁_DATA!AJ35 -> 0 | BE35: =하이퐁_DATA!AK35 -> 0 | BF35: =IFERROR(1+(BE35-BD35)/IF(BD35<0,-BD35,BD35),"") | BG35: =하이퐁_DATA!AL35 -> 0 | BH35: =IFERROR(1+(BE35-BG35)/IF(BG35<0,-BG35,BG35),"") | BI35: =하이퐁_DATA!AM35 -> 0 | BJ35: =하이퐁_DATA!AN35 -> 0 | BK35: =IFERROR(1+(BJ35-BI35)/IF(BI35<0,-BI35,BI35),"") | BL35: =하이퐁_DATA!AO35 -> 0 | BM35: =IFERROR(1+(BJ35-BL35)/IF(BL35<0,-BL35,BL35),"") | BN35: =하이퐁_DATA!AP35 -> 0 | BO35: =하이퐁_DATA!AQ35 -> 0 | BP35: =IFERROR(1+(BO35-BN35)/IF(BN35<0,-BN35,BN35),"") | BQ35: =하이퐁_DATA!AR35 -> 0 | BR35: =IFERROR(1+(BO35-BQ35)/IF(BQ35<0,-BQ35,BQ35),"")
F36: =K36+P36+U36+Z36+AE36+AJ36+AO36+AT36+AY36+BD36+BI36+BN36 -> 0 | G36: =L36+Q36+V36+AA36+AF36+AK36+AP36+AU36+AZ36+BE36+BK36+BO36 -> #VALUE! | H36: =IFERROR(1+(G36-F36)/IF(F36<0,-F36,F36),"") | I36: =N36+S36+X36+AC36+AH36+AM36+AR36+AW36+BB36+BG36+BM36+BQ36 -> #VALUE! | J36: =IFERROR(1+(G36-I36)/IF(I36<0,-I36,I36),"") | M36: =IFERROR(1+(L36-K36)/IF(K36<0,-K36,K36),"") | O36: =IFERROR(1+(L36-N36)/IF(N36<0,-N36,N36),"") | R36: =IFERROR(1+(Q36-P36)/IF(P36<0,-P36,P36),"") | T36: =IFERROR(1+(Q36-S36)/IF(S36<0,-S36,S36),"") | W36: =IFERROR(1+(V36-U36)/IF(U36<0,-U36,U36),"") | Y36: =IFERROR(1+(V36-X36)/IF(X36<0,-X36,X36),"") | AB36: =IFERROR(1+(AA36-Z36)/IF(Z36<0,-Z36,Z36),"") | AD36: =IFERROR(1+(AA36-AC36)/IF(AC36<0,-AC36,AC36),"") | AG36: =IFERROR(1+(AF36-AE36)/IF(AE36<0,-AE36,AE36),"") | AI36: =IFERROR(1+(AF36-AH36)/IF(AH36<0,-AH36,AH36),"") | AL36: =IFERROR(1+(AK36-AJ36)/IF(AJ36<0,-AJ36,AJ36),"") | AN36: =IFERROR(1+(AK36-AM36)/IF(AM36<0,-AM36,AM36),"") | AQ36: =IFERROR(1+(AP36-AO36)/IF(AO36<0,-AO36,AO36),"") | AS36: =IFERROR(1+(AP36-AR36)/IF(AR36<0,-AR36,AR36),"") | AV36: =IFERROR(1+(AU36-AT36)/IF(AT36<0,-AT36,AT36),"") | AX36: =IFERROR(1+(AU36-AW36)/IF(AW36<0,-AW36,AW36),"") | BA36: =IFERROR(1+(AZ36-AY36)/IF(AY36<0,-AY36,AY36),"") | BC36: =IFERROR(1+(AZ36-BB36)/IF(BB36<0,-BB36,BB36),"") | BF36: =IFERROR(1+(BE36-BD36)/IF(BD36<0,-BD36,BD36),"") | BH36: =IFERROR(1+(BE36-BG36)/IF(BG36<0,-BG36,BG36),"") | BK36: =IFERROR(1+(BJ36-BI36)/IF(BI36<0,-BI36,BI36),"") | BM36: =IFERROR(1+(BJ36-BL36)/IF(BL36<0,-BL36,BL36),"") | BP36: =IFERROR(1+(BO36-BN36)/IF(BN36<0,-BN36,BN36),"") | BR36: =IFERROR(1+(BO36-BQ36)/IF(BQ36<0,-BQ36,BQ36),"")
F37: =K37+P37+U37+Z37+AE37+AJ37+AO37+AT37+AY37+BD37+BI37+BN37 -> 0 | G37: =L37+Q37+V37+AA37+AF37+AK37+AP37+AU37+AZ37+BE37+BK37+BO37 -> #VALUE! | H37: =IFERROR(1+(G37-F37)/IF(F37<0,-F37,F37),"") | I37: =N37+S37+X37+AC37+AH37+AM37+AR37+AW37+BB37+BG37+BM37+BQ37 -> #VALUE! | J37: =IFERROR(1+(G37-I37)/IF(I37<0,-I37,I37),"") | M37: =IFERROR(1+(L37-K37)/IF(K37<0,-K37,K37),"") | O37: =IFERROR(1+(L37-N37)/IF(N37<0,-N37,N37),"") | R37: =IFERROR(1+(Q37-P37)/IF(P37<0,-P37,P37),"") | T37: =IFERROR(1+(Q37-S37)/IF(S37<0,-S37,S37),"") | W37: =IFERROR(1+(V37-U37)/IF(U37<0,-U37,U37),"") | Y37: =IFERROR(1+(V37-X37)/IF(X37<0,-X37,X37),"") | AB37: =IFERROR(1+(AA37-Z37)/IF(Z37<0,-Z37,Z37),"") | AD37: =IFERROR(1+(AA37-AC37)/IF(AC37<0,-AC37,AC37),"") | AG37: =IFERROR(1+(AF37-AE37)/IF(AE37<0,-AE37,AE37),"") | AI37: =IFERROR(1+(AF37-AH37)/IF(AH37<0,-AH37,AH37),"") | AL37: =IFERROR(1+(AK37-AJ37)/IF(AJ37<0,-AJ37,AJ37),"") | AN37: =IFERROR(1+(AK37-AM37)/IF(AM37<0,-AM37,AM37),"") | AQ37: =IFERROR(1+(AP37-AO37)/IF(AO37<0,-AO37,AO37),"") | AS37: =IFERROR(1+(AP37-AR37)/IF(AR37<0,-AR37,AR37),"") | AV37: =IFERROR(1+(AU37-AT37)/IF(AT37<0,-AT37,AT37),"") | AX37: =IFERROR(1+(AU37-AW37)/IF(AW37<0,-AW37,AW37),"") | BA37: =IFERROR(1+(AZ37-AY37)/IF(AY37<0,-AY37,AY37),"") | BC37: =IFERROR(1+(AZ37-BB37)/IF(BB37<0,-BB37,BB37),"") | BF37: =IFERROR(1+(BE37-BD37)/IF(BD37<0,-BD37,BD37),"") | BH37: =IFERROR(1+(BE37-BG37)/IF(BG37<0,-BG37,BG37),"") | BK37: =IFERROR(1+(BJ37-BI37)/IF(BI37<0,-BI37,BI37),"") | BM37: =IFERROR(1+(BJ37-BL37)/IF(BL37<0,-BL37,BL37),"") | BP37: =IFERROR(1+(BO37-BN37)/IF(BN37<0,-BN37,BN37),"") | BR37: =IFERROR(1+(BO37-BQ37)/IF(BQ37<0,-BQ37,BQ37),"")
E38: GSA(일본) | F38: =K38+P38+U38+Z38+AE38+AJ38+AO38+AT38+AY38+BD38+BI38+BN38 -> 9.0773176 | G38: =L38+Q38+V38+AA38+AF38+AK38+AP38+AU38+AZ38+BE38+BK38+BO38 -> 0 | H38: =IFERROR(1+(G38-F38)/IF(F38<0,-F38,F38),"") -> 0 | I38: =N38+S38+X38+AC38+AH38+AM38+AR38+AW38+BB38+BG38+BM38+BQ38 -> #VALUE! | J38: =IFERROR(1+(G38-I38)/IF(I38<0,-I38,I38),"") | K38: =하이퐁_DATA!I38 -> 2.0030824 | L38: =하이퐁_DATA!J38 -> 0 | M38: =IFERROR(1+(L38-K38)/IF(K38<0,-K38,K38),"") -> 0 | N38: =하이퐁_DATA!K38 -> 0 | O38: =IFERROR(1+(L38-N38)/IF(N38<0,-N38,N38),"") | P38: =하이퐁_DATA!L38 -> 1.0095439 | Q38: =하이퐁_DATA!M38 -> 0 | R38: =IFERROR(1+(Q38-P38)/IF(P38<0,-P38,P38),"") -> 0 | S38: =하이퐁_DATA!N38 -> 0 | T38: =IFERROR(1+(Q38-S38)/IF(S38<0,-S38,S38),"") | U38: =하이퐁_DATA!O38 -> 0.99361538 | V38: =하이퐁_DATA!P38 -> 0 | W38: =IFERROR(1+(V38-U38)/IF(U38<0,-U38,U38),"") -> 0 | X38: =하이퐁_DATA!Q38 -> 0 | Y38: =IFERROR(1+(V38-X38)/IF(X38<0,-X38,X38),"") | Z38: =하이퐁_DATA!R38 -> 1.0233478 | AA38: =하이퐁_DATA!S38 -> 0 | AB38: =IFERROR(1+(AA38-Z38)/IF(Z38<0,-Z38,Z38),"") -> 0 | AC38: =하이퐁_DATA!T38 -> 0 | AD38: =IFERROR(1+(AA38-AC38)/IF(AC38<0,-AC38,AC38),"") | AE38: =하이퐁_DATA!U38 -> 0 | AF38: =하이퐁_DATA!V38 -> 0 | AG38: =IFERROR(1+(AF38-AE38)/IF(AE38<0,-AE38,AE38),"") | AH38: =하이퐁_DATA!W38 -> 0 | AI38: =IFERROR(1+(AF38-AH38)/IF(AH38<0,-AH38,AH38),"") | AJ38: =하이퐁_DATA!X38 -> 0 | AK38: =하이퐁_DATA!Y38 -> 0 | AL38: =IFERROR(1+(AK38-AJ38)/IF(AJ38<0,-AJ38,AJ38),"") | AM38: =하이퐁_DATA!Z38 -> 0 | AN38: =IFERROR(1+(AK38-AM38)/IF(AM38<0,-AM38,AM38),"") | AO38: =하이퐁_DATA!AA38 -> 0 | AP38: =하이퐁_DATA!AB38 -> 0 | AQ38: =IFERROR(1+(AP38-AO38)/IF(AO38<0,-AO38,AO38),"") | AR38: =하이퐁_DATA!AC38 -> 0 | AS38: =IFERROR(1+(AP38-AR38)/IF(AR38<0,-AR38,AR38),"") | AT38: =하이퐁_DATA!AD38 -> 0 | AU38: =하이퐁_DATA!AE38 -> 0 | AV38: =IFERROR(1+(AU38-AT38)/IF(AT38<0,-AT38,AT38),"") | AW38: =하이퐁_DATA!AF38 -> 0 | AX38: =IFERROR(1+(AU38-AW38)/IF(AW38<0,-AW38,AW38),"") | AY38: =하이퐁_DATA!AG38 -> 0 | AZ38: =하이퐁_DATA!AH38 -> 0 | BA38: =IFERROR(1+(AZ38-AY38)/IF(AY38<0,-AY38,AY38),"") | BB38: =하이퐁_DATA!AI38 -> 0 | BC38: =IFERROR(1+(AZ38-BB38)/IF(BB38<0,-BB38,BB38),"") | BD38: =하이퐁_DATA!AJ38 -> 1.0150923 | BE38: =하이퐁_DATA!AK38 -> 0 | BF38: =IFERROR(1+(BE38-BD38)/IF(BD38<0,-BD38,BD38),"") -> 0 | BG38: =하이퐁_DATA!AL38 -> 0 | BH38: =IFERROR(1+(BE38-BG38)/IF(BG38<0,-BG38,BG38),"") | BI38: =하이퐁_DATA!AM38 -> 1.0091 | BJ38: =하이퐁_DATA!AN38 -> 0 | BK38: =IFERROR(1+(BJ38-BI38)/IF(BI38<0,-BI38,BI38),"") -> 0 | BL38: =하이퐁_DATA!AO38 -> 0 | BM38: =IFERROR(1+(BJ38-BL38)/IF(BL38<0,-BL38,BL38),"") | BN38: =하이퐁_DATA!AP38 -> 2.0235359 | BO38: =하이퐁_DATA!AQ38 -> 0 | BP38: =IFERROR(1+(BO38-BN38)/IF(BN38<0,-BN38,BN38),"") -> 0 | BQ38: =하이퐁_DATA!AR38 -> 0 | BR38: =IFERROR(1+(BO38-BQ38)/IF(BQ38<0,-BQ38,BQ38),"")
E39: 로컬 I Total | F39: =K39+P39+U39+Z39+AE39+AJ39+AO39+AT39+AY39+BD39+BI39+BN39 -> 1458.2613 | G39: =L39+Q39+V39+AA39+AF39+AK39+AP39+AU39+AZ39+BE39+BK39+BO39 -> 620.04338 | H39: =IFERROR(1+(G39-F39)/IF(F39<0,-F39,F39),"") -> 0.4251936 | I39: =N39+S39+X39+AC39+AH39+AM39+AR39+AW39+BB39+BG39+BM39+BQ39 -> 1055.2287 | J39: =IFERROR(1+(G39-I39)/IF(I39<0,-I39,I39),"") -> 0.58759144 | K39: =하이퐁_DATA!I39 -> 148.76439 | L39: =하이퐁_DATA!J39 -> 149.43764 | M39: =IFERROR(1+(L39-K39)/IF(K39<0,-K39,K39),"") -> 1.0045256 | N39: =하이퐁_DATA!K39 -> 184.05252 | O39: =IFERROR(1+(L39-N39)/IF(N39<0,-N39,N39),"") -> 0.81192933 | P39: =하이퐁_DATA!L39 -> 138.54445 | Q39: =하이퐁_DATA!M39 -> 108.36488 | R39: =IFERROR(1+(Q39-P39)/IF(P39<0,-P39,P39),"") -> 0.78216687 | S39: =하이퐁_DATA!N39 -> 136.36711 | T39: =IFERROR(1+(Q39-S39)/IF(S39<0,-S39,S39),"") -> 0.79465554 | U39: =하이퐁_DATA!O39 -> 121.02094 | V39: =하이퐁_DATA!P39 -> 81.676288 | W39: =IFERROR(1+(V39-U39)/IF(U39<0,-U39,U39),"") -> 0.67489387 | X39: =하이퐁_DATA!Q39 -> 99.753544 | Y39: =IFERROR(1+(V39-X39)/IF(X39<0,-X39,X39),"") -> 0.81878082 | Z39: =하이퐁_DATA!R39 -> 102.07146 | AA39: =하이퐁_DATA!S39 -> 63.865655 | AB39: =IFERROR(1+(AA39-Z39)/IF(Z39<0,-Z39,Z39),"") -> 0.62569554 | AC39: =하이퐁_DATA!T39 -> 74.529669 | AD39: =IFERROR(1+(AA39-AC39)/IF(AC39<0,-AC39,AC39),"") -> 0.85691586 | AE39: =하이퐁_DATA!U39 -> 116.60699 | AF39: =하이퐁_DATA!V39 -> 54.064789 | AG39: =IFERROR(1+(AF39-AE39)/IF(AE39<0,-AE39,AE39),"") -> 0.46364965 | AH39: =하이퐁_DATA!W39 -> 82.739223 | AI39: =IFERROR(1+(AF39-AH39)/IF(AH39<0,-AH39,AH39),"") -> 0.65343603 | AJ39: =하이퐁_DATA!X39 -> 116.63889 | AK39: =하이퐁_DATA!Y39 -> 48.078107 | AL39: =IFERROR(1+(AK39-AJ39)/IF(AJ39<0,-AJ39,AJ39),"") -> 0.41219618 | AM39: =하이퐁_DATA!Z39 -> 71.05009 | AN39: =IFERROR(1+(AK39-AM39)/IF(AM39<0,-AM39,AM39),"") -> 0.67667904 | AO39: =하이퐁_DATA!AA39 -> 102.08139 | AP39: =하이퐁_DATA!AB39 -> 42.962698 | AQ39: =IFERROR(1+(AP39-AO39)/IF(AO39<0,-AO39,AO39),"") -> 0.42086707 | AR39: =하이퐁_DATA!AC39 -> 70.09305 | AS39: =IFERROR(1+(AP39-AR39)/IF(AR39<0,-AR39,AR39),"") -> 0.61293806 | AT39: =하이퐁_DATA!AD39 -> 102.08139 | AU39: =하이퐁_DATA!AE39 -> 38.464915 | AV39: =IFERROR(1+(AU39-AT39)/IF(AT39<0,-AT39,AT39),"") -> 0.37680632 | AW39: =하이퐁_DATA!AF39 -> 72.864473 | AX39: =IFERROR(1+(AU39-AW39)/IF(AW39<0,-AW39,AW39),"") -> 0.5278967 | AY39: =하이퐁_DATA!AG39 -> 102.15253 | AZ39: =하이퐁_DATA!AH39 -> 33.12841 | BA39: =IFERROR(1+(AZ39-AY39)/IF(AY39<0,-AY39,AY39),"") -> 0.32430337 | BB39: =하이퐁_DATA!AI39 -> 79.879659 | BC39: =IFERROR(1+(AZ39-BB39)/IF(BB39<0,-BB39,BB39),"") -> 0.41472899 | BD39: =하이퐁_DATA!AJ39 -> 131.23719 | BE39: =하이퐁_DATA!AK39 -> 0 | BF39: =IFERROR(1+(BE39-BD39)/IF(BD39<0,-BD39,BD39),"") -> 0 | BG39: =하이퐁_DATA!AL39 -> 77.85083 | BH39: =IFERROR(1+(BE39-BG39)/IF(BG39<0,-BG39,BG39),"") -> 0 | BI39: =하이퐁_DATA!AM39 -> 131.23824 | BJ39: =하이퐁_DATA!AN39 -> 0 | BK39: =IFERROR(1+(BJ39-BI39)/IF(BI39<0,-BI39,BI39),"") -> 0 | BL39: =하이퐁_DATA!AO39 -> 89.809606 | BM39: =IFERROR(1+(BJ39-BL39)/IF(BL39<0,-BL39,BL39),"") -> 0 | BN39: =하이퐁_DATA!AP39 -> 145.82346 | BO39: =하이퐁_DATA!AQ39 -> 0 | BP39: =IFERROR(1+(BO39-BN39)/IF(BN39<0,-BN39,BN39),"") -> 0 | BQ39: =하이퐁_DATA!AR39 -> 106.04858 | BR39: =IFERROR(1+(BO39-BQ39)/IF(BQ39<0,-BQ39,BQ39),"") -> 0
E40: SR (Long term) | F40: =K40+P40+U40+Z40+AE40+AJ40+AO40+AT40+AY40+BD40+BI40+BN40 -> 866.2472 | G40: =L40+Q40+V40+AA40+AF40+AK40+AP40+AU40+AZ40+BE40+BK40+BO40 -> 421.53396 | H40: =IFERROR(1+(G40-F40)/IF(F40<0,-F40,F40),"") -> 0.48662086 | I40: =N40+S40+X40+AC40+AH40+AM40+AR40+AW40+BB40+BG40+BM40+BQ40 -> 671.24885 | J40: =IFERROR(1+(G40-I40)/IF(I40<0,-I40,I40),"") -> 0.62798463 | K40: =하이퐁_DATA!I40 -> 73.57168 | L40: =하이퐁_DATA!J40 -> 55.835371 | M40: =IFERROR(1+(L40-K40)/IF(K40<0,-K40,K40),"") -> 0.75892478 | N40: =하이퐁_DATA!K40 -> 73.257221 | O40: =IFERROR(1+(L40-N40)/IF(N40<0,-N40,N40),"") -> 0.76218248 | P40: =하이퐁_DATA!L40 -> 66.45184 | Q40: =하이퐁_DATA!M40 -> 53.087108 | R40: =IFERROR(1+(Q40-P40)/IF(P40<0,-P40,P40),"") -> 0.79888094 | S40: =하이퐁_DATA!N40 -> 73.860994 | T40: =IFERROR(1+(Q40-S40)/IF(S40<0,-S40,S40),"") -> 0.71874348 | U40: =하이퐁_DATA!O40 -> 73.57168 | V40: =하이퐁_DATA!P40 -> 49.507766 | W40: =IFERROR(1+(V40-U40)/IF(U40<0,-U40,U40),"") -> 0.67291879 | X40: =하이퐁_DATA!Q40 -> 71.930524 | Y40: =IFERROR(1+(V40-X40)/IF(X40<0,-X40,X40),"") -> 0.688272 | Z40: =하이퐁_DATA!R40 -> 71.1984 | AA40: =하이퐁_DATA!S40 -> 47.714454 | AB40: =IFERROR(1+(AA40-Z40)/IF(Z40<0,-Z40,Z40),"") -> 0.67016188 | AC40: =하이퐁_DATA!T40 -> 60.763954 | AD40: =IFERROR(1+(AA40-AC40)/IF(AC40<0,-AC40,AC40),"") -> 0.78524274 | AE40: =하이퐁_DATA!U40 -> 73.57168 | AF40: =하이퐁_DATA!V40 -> 52.755132 | AG40: =IFERROR(1+(AF40-AE40)/IF(AE40<0,-AE40,AE40),"") -> 0.7170576 | AH40: =하이퐁_DATA!W40 -> 60.836363 | AI40: =IFERROR(1+(AF40-AH40)/IF(AH40<0,-AH40,AH40),"") -> 0.86716446 | AJ40: =하이퐁_DATA!X40 -> 71.1984 | AK40: =하이퐁_DATA!Y40 -> 48.078107 | AL40: =IFERROR(1+(AK40-AJ40)/IF(AJ40<0,-AJ40,AJ40),"") -> 0.67526949 | AM40: =하이퐁_DATA!Z40 -> 55.96491 | AN40: =IFERROR(1+(AK40-AM40)/IF(AM40<0,-AM40,AM40),"") -> 0.85907593 | AO40: =하이퐁_DATA!AA40 -> 73.57168 | AP40: =하이퐁_DATA!AB40 -> 42.962698 | AQ40: =IFERROR(1+(AP40-AO40)/IF(AO40<0,-AO40,AO40),"") -> 0.583957 | AR40: =하이퐁_DATA!AC40 -> 54.711366 | AS40: =IFERROR(1+(AP40-AR40)/IF(AR40<0,-AR40,AR40),"") -> 0.78526092 | AT40: =하이퐁_DATA!AD40 -> 73.57168 | AU40: =하이퐁_DATA!AE40 -> 38.464915 | AV40: =IFERROR(1+(AU40-AT40)/IF(AT40<0,-AT40,AT40),"") -> 0.52282229 | AW40: =하이퐁_DATA!AF40 -> 53.416374 | AX40: =IFERROR(1+(AU40-AW40)/IF(AW40<0,-AW40,AW40),"") -> 0.72009595 | AY40: =하이퐁_DATA!AG40 -> 71.1984 | AZ40: =하이퐁_DATA!AH40 -> 33.12841 | BA40: =IFERROR(1+(AZ40-AY40)/IF(AY40<0,-AY40,AY40),"") -> 0.46529712 | BB40: =하이퐁_DATA!AI40 -> 56.557312 | BC40: =IFERROR(1+(AZ40-BB40)/IF(BB40<0,-BB40,BB40),"") -> 0.58574938 | BD40: =하이퐁_DATA!AJ40 -> 73.57168 | BE40: =하이퐁_DATA!AK40 -> 0 | BF40: =IFERROR(1+(BE40-BD40)/IF(BD40<0,-BD40,BD40),"") -> 0 | BG40: =하이퐁_DATA!AL40 -> 55.495847 | BH40: =IFERROR(1+(BE40-BG40)/IF(BG40<0,-BG40,BG40),"") -> 0 | BI40: =하이퐁_DATA!AM40 -> 71.1984 | BJ40: =하이퐁_DATA!AN40 -> 0 | BK40: =IFERROR(1+(BJ40-BI40)/IF(BI40<0,-BI40,BI40),"") -> 0 | BL40: =하이퐁_DATA!AO40 -> 56.703335 | BM40: =IFERROR(1+(BJ40-BL40)/IF(BL40<0,-BL40,BL40),"") -> 0 | BN40: =하이퐁_DATA!AP40 -> 73.57168 | BO40: =하이퐁_DATA!AQ40 -> 0 | BP40: =IFERROR(1+(BO40-BN40)/IF(BN40<0,-BN40,BN40),"") -> 0 | BQ40: =하이퐁_DATA!AR40 -> 54.453983 | BR40: =IFERROR(1+(BO40-BQ40)/IF(BQ40<0,-BQ40,BQ40),"") -> 0
E41: SR 80 | F41: =K41+P41+U41+Z41+AE41+AJ41+AO41+AT41+AY41+BD41+BI41+BN41 -> 259.87416 | G41: =L41+Q41+V41+AA41+AF41+AK41+AP41+AU41+AZ41+BE41+BK41+BO41 -> 195.46182 | H41: =IFERROR(1+(G41-F41)/IF(F41<0,-F41,F41),"") -> 0.75214029 | I41: =N41+S41+X41+AC41+AH41+AM41+AR41+AW41+BB41+BG41+BM41+BQ41 -> 340.58064 | J41: =IFERROR(1+(G41-I41)/IF(I41<0,-I41,I41),"") -> 0.57390762 | K41: =하이퐁_DATA!I41 -> 22.071504 | L41: =하이퐁_DATA!J41 -> 26.382017 | M41: =IFERROR(1+(L41-K41)/IF(K41<0,-K41,K41),"") -> 1.1952976 | N41: =하이퐁_DATA!K41 -> 45.611678 | O41: =IFERROR(1+(L41-N41)/IF(N41<0,-N41,N41),"") -> 0.57840487 | P41: =하이퐁_DATA!L41 -> 19.935552 | Q41: =하이퐁_DATA!M41 -> 24.906208 | R41: =IFERROR(1+(Q41-P41)/IF(P41<0,-P41,P41),"") -> 1.2493363 | S41: =하이퐁_DATA!N41 -> 45.270006 | T41: =IFERROR(1+(Q41-S41)/IF(S41<0,-S41,S41),"") -> 0.55017019 | U41: =하이퐁_DATA!O41 -> 22.071504 | V41: =하이퐁_DATA!P41 -> 21.496878 | W41: =IFERROR(1+(V41-U41)/IF(U41<0,-U41,U41),"") -> 0.97396523 | X41: =하이퐁_DATA!Q41 -> 44.123588 | Y41: =IFERROR(1+(V41-X41)/IF(X41<0,-X41,X41),"") -> 0.48719695 | Z41: =하이퐁_DATA!R41 -> 21.35952 | AA41: =하이퐁_DATA!S41 -> 23.811027 | AB41: =IFERROR(1+(AA41-Z41)/IF(Z41<0,-Z41,Z41),"") -> 1.1147735 | AC41: =하이퐁_DATA!T41 -> 31.706398 | AD41: =IFERROR(1+(AA41-AC41)/IF(AC41<0,-AC41,AC41),"") -> 0.75098492 | AE41: =하이퐁_DATA!U41 -> 22.071504 | AF41: =하이퐁_DATA!V41 -> 25.208308 | AG41: =IFERROR(1+(AF41-AE41)/IF(AE41<0,-AE41,AE41),"") -> 1.1421201 | AH41: =하이퐁_DATA!W41 -> 29.64959 | AI41: =IFERROR(1+(AF41-AH41)/IF(AH41<0,-AH41,AH41),"") -> 0.85020762 | AJ41: =하이퐁_DATA!X41 -> 21.35952 | AK41: =하이퐁_DATA!Y41 -> 24.173908 | AL41: =IFERROR(1+(AK41-AJ41)/IF(AJ41<0,-AJ41,AJ41),"") -> 1.1317627 | AM41: =하이퐁_DATA!Z41 -> 26.031805 | AN41: =IFERROR(1+(AK41-AM41)/IF(AM41<0,-AM41,AM41),"") -> 0.92862973 | AO41: =하이퐁_DATA!AA41 -> 22.071504 | AP41: =하이퐁_DATA!AB41 -> 18.350226 | AQ41: =IFERROR(1+(AP41-AO41)/IF(AO41<0,-AO41,AO41),"") -> 0.83139898 | AR41: =하이퐁_DATA!AC41 -> 24.620598 | AS41: =IFERROR(1+(AP41-AR41)/IF(AR41<0,-AR41,AR41),"") -> 0.74532008 | AT41: =하이퐁_DATA!AD41 -> 22.071504 | AU41: =하이퐁_DATA!AE41 -> 16.596999 | AV41: =IFERROR(1+(AU41-AT41)/IF(AT41<0,-AT41,AT41),"") -> 0.75196503 | AW41: =하이퐁_DATA!AF41 -> 21.805484 | AX41: =IFERROR(1+(AU41-AW41)/IF(AW41<0,-AW41,AW41),"") -> 0.76113876 | AY41: =하이퐁_DATA!AG41 -> 21.35952 | AZ41: =하이퐁_DATA!AH41 -> 14.536255 | BA41: =IFERROR(1+(AZ41-AY41)/IF(AY41<0,-AY41,AY41),"") -> 0.6805516 | BB41: =하이퐁_DATA!AI41 -> 24.619619 | BC41: =IFERROR(1+(AZ41-BB41)/IF(BB41<0,-BB41,BB41),"") -> 0.59043382 | BD41: =하이퐁_DATA!AJ41 -> 22.071504 | BE41: =하이퐁_DATA!AK41 -> 0 | BF41: =IFERROR(1+(BE41-BD41)/IF(BD41<0,-BD41,BD41),"") -> 0 | BG41: =하이퐁_DATA!AL41 -> 23.92413 | BH41: =IFERROR(1+(BE41-BG41)/IF(BG41<0,-BG41,BG41),"") -> 0 | BI41: =하이퐁_DATA!AM41 -> 21.35952 | BJ41: =하이퐁_DATA!AN41 -> 0 | BK41: =IFERROR(1+(BJ41-BI41)/IF(BI41<0,-BI41,BI41),"") -> 0 | BL41: =하이퐁_DATA!AO41 -> 24.785973 | BM41: =IFERROR(1+(BJ41-BL41)/IF(BL41<0,-BL41,BL41),"") -> 0 | BN41: =하이퐁_DATA!AP41 -> 22.071504 | BO41: =하이퐁_DATA!AQ41 -> 0 | BP41: =IFERROR(1+(BO41-BN41)/IF(BN41<0,-BN41,BN41),"") -> 0 | BQ41: =하이퐁_DATA!AR41 -> 23.217744 | BR41: =IFERROR(1+(BO41-BQ41)/IF(BQ41<0,-BQ41,BQ41),"") -> 0
E42: SR 110 | F42: =K42+P42+U42+Z42+AE42+AJ42+AO42+AT42+AY42+BD42+BI42+BN42 -> 606.37304 | G42: =L42+Q42+V42+AA42+AF42+AK42+AP42+AU42+AZ42+BE42+BK42+BO42 -> 226.07214 | H42: =IFERROR(1+(G42-F42)/IF(F42<0,-F42,F42),"") -> 0.37282683 | I42: =N42+S42+X42+AC42+AH42+AM42+AR42+AW42+BB42+BG42+BM42+BQ42 -> 330.66821 | J42: =IFERROR(1+(G42-I42)/IF(I42<0,-I42,I42),"") -> 0.68368271 | K42: =하이퐁_DATA!I42 -> 51.500176 | L42: =하이퐁_DATA!J42 -> 29.453354 | M42: =IFERROR(1+(L42-K42)/IF(K42<0,-K42,K42),"") -> 0.57190784 | N42: =하이퐁_DATA!K42 -> 27.645543 | O42: =IFERROR(1+(L42-N42)/IF(N42<0,-N42,N42),"") -> 1.0653925 | P42: =하이퐁_DATA!L42 -> 46.516288 | Q42: =하이퐁_DATA!M42 -> 28.1809 | R42: =IFERROR(1+(Q42-P42)/IF(P42<0,-P42,P42),"") -> 0.60582865 | S42: =하이퐁_DATA!N42 -> 28.590988 | T42: =IFERROR(1+(Q42-S42)/IF(S42<0,-S42,S42),"") -> 0.98565673 | U42: =하이퐁_DATA!O42 -> 51.500176 | V42: =하이퐁_DATA!P42 -> 28.010888 | W42: =IFERROR(1+(V42-U42)/IF(U42<0,-U42,U42),"") -> 0.54389888 | X42: =하이퐁_DATA!Q42 -> 27.806936 | Y42: =IFERROR(1+(V42-X42)/IF(X42<0,-X42,X42),"") -> 1.0073346 | Z42: =하이퐁_DATA!R42 -> 49.83888 | AA42: =하이퐁_DATA!S42 -> 23.903427 | AB42: =IFERROR(1+(AA42-Z42)/IF(Z42<0,-Z42,Z42),"") -> 0.47961405 | AC42: =하이퐁_DATA!T42 -> 29.057556 | AD42: =IFERROR(1+(AA42-AC42)/IF(AC42<0,-AC42,AC42),"") -> 0.82262345 | AE42: =하이퐁_DATA!U42 -> 51.500176 | AF42: =하이퐁_DATA!V42 -> 27.546825 | AG42: =IFERROR(1+(AF42-AE42)/IF(AE42<0,-AE42,AE42),"") -> 0.53488797 | AH42: =하이퐁_DATA!W42 -> 31.186773 | AI42: =IFERROR(1+(AF42-AH42)/IF(AH42<0,-AH42,AH42),"") -> 0.8832855 | AJ42: =하이퐁_DATA!X42 -> 49.83888 | AK42: =하이퐁_DATA!Y42 -> 23.904199 | AL42: =IFERROR(1+(AK42-AJ42)/IF(AJ42<0,-AJ42,AJ42),"") -> 0.47962954 | AM42: =하이퐁_DATA!Z42 -> 29.933105 | AN42: =IFERROR(1+(AK42-AM42)/IF(AM42<0,-AM42,AM42),"") -> 0.79858735 | AO42: =하이퐁_DATA!AA42 -> 51.500176 | AP42: =하이퐁_DATA!AB42 -> 24.612472 | AQ42: =IFERROR(1+(AP42-AO42)/IF(AO42<0,-AO42,AO42),"") -> 0.47791044 | AR42: =하이퐁_DATA!AC42 -> 30.090768 | AS42: =IFERROR(1+(AP42-AR42)/IF(AR42<0,-AR42,AR42),"") -> 0.81794096 | AT42: =하이퐁_DATA!AD42 -> 51.500176 | AU42: =하이퐁_DATA!AE42 -> 21.867915 | AV42: =IFERROR(1+(AU42-AT42)/IF(AT42<0,-AT42,AT42),"") -> 0.42461827 | AW42: =하이퐁_DATA!AF42 -> 31.61089 | AX42: =IFERROR(1+(AU42-AW42)/IF(AW42<0,-AW42,AW42),"") -> 0.69178424 | AY42: =하이퐁_DATA!AG42 -> 49.83888 | AZ42: =하이퐁_DATA!AH42 -> 18.592155 | BA42: =IFERROR(1+(AZ42-AY42)/IF(AY42<0,-AY42,AY42),"") -> 0.3730452 | BB42: =하이퐁_DATA!AI42 -> 31.937693 | BC42: =IFERROR(1+(AZ42-BB42)/IF(BB42<0,-BB42,BB42),"") -> 0.58213831 | BD42: =하이퐁_DATA!AJ42 -> 51.500176 | BE42: =하이퐁_DATA!AK42 -> 0 | BF42: =IFERROR(1+(BE42-BD42)/IF(BD42<0,-BD42,BD42),"") -> 0 | BG42: =하이퐁_DATA!AL42 -> 31.571717 | BH42: =IFERROR(1+(BE42-BG42)/IF(BG42<0,-BG42,BG42),"") -> 0 | BI42: =하이퐁_DATA!AM42 -> 49.83888 | BJ42: =하이퐁_DATA!AN42 -> 0 | BK42: =IFERROR(1+(BJ42-BI42)/IF(BI42<0,-BI42,BI42),"") -> 0 | BL42: =하이퐁_DATA!AO42 -> 31.917361 | BM42: =IFERROR(1+(BJ42-BL42)/IF(BL42<0,-BL42,BL42),"") -> 0 | BN42: =하이퐁_DATA!AP42 -> 51.500176 | BO42: =하이퐁_DATA!AQ42 -> 0 | BP42: =IFERROR(1+(BO42-BN42)/IF(BN42<0,-BN42,BN42),"") -> 0 | BQ42: =하이퐁_DATA!AR42 -> 31.236239 | BR42: =IFERROR(1+(BO42-BQ42)/IF(BQ42<0,-BQ42,BQ42),"") -> 0
E43: Corporate | F43: =K43+P43+U43+Z43+AE43+AJ43+AO43+AT43+AY43+BD43+BI43+BN43 -> 88.80212 | G43: =L43+Q43+V43+AA43+AF43+AK43+AP43+AU43+AZ43+BE43+BK43+BO43 -> 17.83738 | H43: =IFERROR(1+(G43-F43)/IF(F43<0,-F43,F43),"") -> 0.2008666 | I43: =N43+S43+X43+AC43+AH43+AM43+AR43+AW43+BB43+BG43+BM43+BQ43 -> 60.092477 | J43: =IFERROR(1+(G43-I43)/IF(I43<0,-I43,I43),"") -> 0.29683216 | K43: =하이퐁_DATA!I43 -> 11.278906 | L43: =하이퐁_DATA!J43 -> 6.3603475 | M43: =IFERROR(1+(L43-K43)/IF(K43<0,-K43,K43),"") -> 0.56391526 | N43: =하이퐁_DATA!K43 -> 0.76347459 | O43: =IFERROR(1+(L43-N43)/IF(N43<0,-N43,N43),"") -> 8.3307913 | P43: =하이퐁_DATA!L43 -> 10.813892 | Q43: =하이퐁_DATA!M43 -> 3.9467748 | R43: =IFERROR(1+(Q43-P43)/IF(P43<0,-P43,P43),"") -> 0.36497265 | S43: =하이퐁_DATA!N43 -> 4.1431322 | T43: =IFERROR(1+(Q43-S43)/IF(S43<0,-S43,S43),"") -> 0.95260653 | U43: =하이퐁_DATA!O43 -> 7.1173884 | V43: =하이퐁_DATA!P43 -> 2.9001339 | W43: =IFERROR(1+(V43-U43)/IF(U43<0,-U43,U43),"") -> 0.40747163 | X43: =하이퐁_DATA!Q43 -> 2.3351124 | Y43: =IFERROR(1+(V43-X43)/IF(X43<0,-X43,X43),"") -> 1.2419676 | Z43: =하이퐁_DATA!R43 -> 4.6309583 | AA43: =하이퐁_DATA!S43 -> 4.6301235 | AB43: =IFERROR(1+(AA43-Z43)/IF(Z43<0,-Z43,Z43),"") -> 0.99981972 | AC43: =하이퐁_DATA!T43 -> 4.9400061 | AD43: =IFERROR(1+(AA43-AC43)/IF(AC43<0,-AC43,AC43),"") -> 0.93727081 | AE43: =하이퐁_DATA!U43 -> 6.4552961 | AF43: =하이퐁_DATA!V43 -> 0 | AG43: =IFERROR(1+(AF43-AE43)/IF(AE43<0,-AE43,AE43),"") -> 0 | AH43: =하이퐁_DATA!W43 -> 6.3477417 | AI43: =IFERROR(1+(AF43-AH43)/IF(AH43<0,-AH43,AH43),"") -> 0 | AJ43: =하이퐁_DATA!X43 -> 6.8160742 | AK43: =하이퐁_DATA!Y43 -> 0 | AL43: =IFERROR(1+(AK43-AJ43)/IF(AJ43<0,-AJ43,AJ43),"") -> 0 | AM43: =하이퐁_DATA!Z43 -> 5.0501457 | AN43: =IFERROR(1+(AK43-AM43)/IF(AM43<0,-AM43,AM43),"") -> 0 | AO43: =하이퐁_DATA!AA43 -> 4.2764571 | AP43: =하이퐁_DATA!AB43 -> 0 | AQ43: =IFERROR(1+(AP43-AO43)/IF(AO43<0,-AO43,AO43),"") -> 0 | AR43: =하이퐁_DATA!AC43 -> 6.9383834 | AS43: =IFERROR(1+(AP43-AR43)/IF(AR43<0,-AR43,AR43),"") -> 0 | AT43: =하이퐁_DATA!AD43 -> 4.2764571 | AU43: =하이퐁_DATA!AE43 -> 0 | AV43: =IFERROR(1+(AU43-AT43)/IF(AT43<0,-AT43,AT43),"") -> 0 | AW43: =하이퐁_DATA!AF43 -> 8.0539295 | AX43: =IFERROR(1+(AU43-AW43)/IF(AW43<0,-AW43,AW43),"") -> 0 | AY43: =하이퐁_DATA!AG43 -> 4.6431197 | AZ43: =하이퐁_DATA!AH43 -> 0 | BA43: =IFERROR(1+(AZ43-AY43)/IF(AY43<0,-AY43,AY43),"") -> 0 | BB43: =하이퐁_DATA!AI43 -> 9.9390561 | BC43: =IFERROR(1+(AZ43-BB43)/IF(BB43<0,-BB43,BB43),"") -> 0 | BD43: =하이퐁_DATA!AJ43 -> 8.6498272 | BE43: =하이퐁_DATA!AK43 -> 0 | BF43: =IFERROR(1+(BE43-BD43)/IF(BD43<0,-BD43,BD43),"") -> 0 | BG43: =하이퐁_DATA!AL43 -> 5.8792751 | BH43: =IFERROR(1+(BE43-BG43)/IF(BG43<0,-BG43,BG43),"") -> 0 | BI43: =하이퐁_DATA!AM43 -> 9.0059761 | BJ43: =하이퐁_DATA!AN43 -> 0 | BK43: =IFERROR(1+(BJ43-BI43)/IF(BI43<0,-BI43,BI43),"") -> 0 | BL43: =하이퐁_DATA!AO43 -> 6.5997618 | BM43: =IFERROR(1+(BJ43-BL43)/IF(BL43<0,-BL43,BL43),"") -> 0 | BN43: =하이퐁_DATA!AP43 -> 10.837768 | BO43: =하이퐁_DATA!AQ43 -> 0 | BP43: =IFERROR(1+(BO43-BN43)/IF(BN43<0,-BN43,BN43),"") -> 0 | BQ43: =하이퐁_DATA!AR43 -> 5.7022198 | BR43: =IFERROR(1+(BO43-BQ43)/IF(BQ43<0,-BQ43,BQ43),"") -> 0
E44: 프로모션 | F44: =K44+P44+U44+Z44+AE44+AJ44+AO44+AT44+AY44+BD44+BI44+BN44 -> 148.00353 | G44: =L44+Q44+V44+AA44+AF44+AK44+AP44+AU44+AZ44+BE44+BK44+BO44 -> 12.339912 | H44: =IFERROR(1+(G44-F44)/IF(F44<0,-F44,F44),"") -> 0.08337579 | I44: =N44+S44+X44+AC44+AH44+AM44+AR44+AW44+BB44+BG44+BM44+BQ44 -> 37.288797 | J44: =IFERROR(1+(G44-I44)/IF(I44<0,-I44,I44),"") -> 0.33092812 | K44: =하이퐁_DATA!I44 -> 18.798177 | L44: =하이퐁_DATA!J44 -> 1.4822232 | M44: =IFERROR(1+(L44-K44)/IF(K44<0,-K44,K44),"") -> 0.078849305 | N44: =하이퐁_DATA!K44 -> 6.2617364 | O44: =IFERROR(1+(L44-N44)/IF(N44<0,-N44,N44),"") -> 0.23671121 | P44: =하이퐁_DATA!L44 -> 18.023153 | Q44: =하이퐁_DATA!M44 -> 2.238677 | R44: =IFERROR(1+(Q44-P44)/IF(P44<0,-P44,P44),"") -> 0.12421117 | S44: =하이퐁_DATA!N44 -> 3.0348688 | T44: =IFERROR(1+(Q44-S44)/IF(S44<0,-S44,S44),"") -> 0.73765199 | U44: =하이퐁_DATA!O44 -> 11.862314 | V44: =하이퐁_DATA!P44 -> 2.9271899 | W44: =IFERROR(1+(V44-U44)/IF(U44<0,-U44,U44),"") -> 0.24676382 | X44: =하이퐁_DATA!Q44 -> 5.0889756 | Y44: =IFERROR(1+(V44-X44)/IF(X44<0,-X44,X44),"") -> 0.57520218 | Z44: =하이퐁_DATA!R44 -> 7.7182639 | AA44: =하이퐁_DATA!S44 -> 4.5563981 | AB44: =IFERROR(1+(AA44-Z44)/IF(Z44<0,-Z44,Z44),"") -> 0.59033976 | AC44: =하이퐁_DATA!T44 -> 2.1960935 | AD44: =IFERROR(1+(AA44-AC44)/IF(AC44<0,-AC44,AC44),"") -> 2.0747742 | AE44: =하이퐁_DATA!U44 -> 10.758827 | AF44: =하이퐁_DATA!V44 -> 1.1354234 | AG44: =IFERROR(1+(AF44-AE44)/IF(AE44<0,-AE44,AE44),"") -> 0.10553412 | AH44: =하이퐁_DATA!W44 -> 4.6845196 | AI44: =IFERROR(1+(AF44-AH44)/IF(AH44<0,-AH44,AH44),"") -> 0.24237776 | AJ44: =하이퐁_DATA!X44 -> 11.360124 | AK44: =하이퐁_DATA!Y44 -> 0 | AL44: =IFERROR(1+(AK44-AJ44)/IF(AJ44<0,-AJ44,AJ44),"") -> 0 | AM44: =하이퐁_DATA!Z44 -> 0.76973036 | AN44: =IFERROR(1+(AK44-AM44)/IF(AM44<0,-AM44,AM44),"") -> 0 | AO44: =하이퐁_DATA!AA44 -> 7.1274285 | AP44: =하이퐁_DATA!AB44 -> 0 | AQ44: =IFERROR(1+(AP44-AO44)/IF(AO44<0,-AO44,AO44),"") -> 0 | AR44: =하이퐁_DATA!AC44 -> 2.0670582 | AS44: =IFERROR(1+(AP44-AR44)/IF(AR44<0,-AR44,AR44),"") -> 0 | AT44: =하이퐁_DATA!AD44 -> 7.1274285 | AU44: =하이퐁_DATA!AE44 -> 0 | AV44: =IFERROR(1+(AU44-AT44)/IF(AT44<0,-AT44,AT44),"") -> 0 | AW44: =하이퐁_DATA!AF44 -> 4.8026806 | AX44: =IFERROR(1+(AU44-AW44)/IF(AW44<0,-AW44,AW44),"") -> 0 | AY44: =하이퐁_DATA!AG44 -> 7.7385328 | AZ44: =하이퐁_DATA!AH44 -> 0 | BA44: =IFERROR(1+(AZ44-AY44)/IF(AY44<0,-AY44,AY44),"") -> 0 | BB44: =하이퐁_DATA!AI44 -> 2.4949185 | BC44: =IFERROR(1+(AZ44-BB44)/IF(BB44<0,-BB44,BB44),"") -> 0 | BD44: =하이퐁_DATA!AJ44 -> 14.416379 | BE44: =하이퐁_DATA!AK44 -> 0 | BF44: =IFERROR(1+(BE44-BD44)/IF(BD44<0,-BD44,BD44),"") -> 0 | BG44: =하이퐁_DATA!AL44 -> 2.6141441 | BH44: =IFERROR(1+(BE44-BG44)/IF(BG44<0,-BG44,BG44),"") -> 0 | BI44: =하이퐁_DATA!AM44 -> 15.00996 | BJ44: =하이퐁_DATA!AN44 -> 0 | BK44: =IFERROR(1+(BJ44-BI44)/IF(BI44<0,-BI44,BI44),"") -> 0 | BL44: =하이퐁_DATA!AO44 -> 0.71753365 | BM44: =IFERROR(1+(BJ44-BL44)/IF(BL44<0,-BL44,BL44),"") -> 0 | BN44: =하이퐁_DATA!AP44 -> 18.062946 | BO44: =하이퐁_DATA!AQ44 -> 0 | BP44: =IFERROR(1+(BO44-BN44)/IF(BN44<0,-BN44,BN44),"") -> 0 | BQ44: =하이퐁_DATA!AR44 -> 3.2740714 | BR44: =IFERROR(1+(BO44-BQ44)/IF(BQ44<0,-BQ44,BQ44),"") -> 0
E45: 현지여행사 | F45: =K45+P45+U45+Z45+AE45+AJ45+AO45+AT45+AY45+BD45+BI45+BN45 -> 88.80212 | G45: =L45+Q45+V45+AA45+AF45+AK45+AP45+AU45+AZ45+BE45+BK45+BO45 -> 7.0152834 | H45: =IFERROR(1+(G45-F45)/IF(F45<0,-F45,F45),"") -> 0.078999053 | I45: =N45+S45+X45+AC45+AH45+AM45+AR45+AW45+BB45+BG45+BM45+BQ45 -> 13.135966 | J45: =IFERROR(1+(G45-I45)/IF(I45<0,-I45,I45),"") -> 0.53405158 | K45: =하이퐁_DATA!I45 -> 11.278906 | L45: =하이퐁_DATA!J45 -> 0.47180303 | M45: =IFERROR(1+(L45-K45)/IF(K45<0,-K45,K45),"") -> 0.041830565 | N45: =하이퐁_DATA!K45 -> 3.7263505 | O45: =IFERROR(1+(L45-N45)/IF(N45<0,-N45,N45),"") -> 0.12661263 | P45: =하이퐁_DATA!L45 -> 10.813892 | Q45: =하이퐁_DATA!M45 -> 4.0211953 | R45: =IFERROR(1+(Q45-P45)/IF(P45<0,-P45,P45),"") -> 0.37185459 | S45: =하이퐁_DATA!N45 -> 3.2042622 | T45: =IFERROR(1+(Q45-S45)/IF(S45<0,-S45,S45),"") -> 1.254952 | U45: =하이퐁_DATA!O45 -> 7.1173884 | V45: =하이퐁_DATA!P45 -> 2.0241468 | W45: =IFERROR(1+(V45-U45)/IF(U45<0,-U45,U45),"") -> 0.2843946 | X45: =하이퐁_DATA!Q45 -> 2.5771045 | Y45: =IFERROR(1+(V45-X45)/IF(X45<0,-X45,X45),"") -> 0.78543453 | Z45: =하이퐁_DATA!R45 -> 4.6309583 | AA45: =하이퐁_DATA!S45 -> 0.32390442 | AB45: =IFERROR(1+(AA45-Z45)/IF(Z45<0,-Z45,Z45),"") -> 0.06994328 | AC45: =하이퐁_DATA!T45 -> 0.429704 | AD45: =IFERROR(1+(AA45-AC45)/IF(AC45<0,-AC45,AC45),"") -> 0.75378497 | AE45: =하이퐁_DATA!U45 -> 6.4552961 | AF45: =하이퐁_DATA!V45 -> 0.17423377 | AG45: =IFERROR(1+(AF45-AE45)/IF(AE45<0,-AE45,AE45),"") -> 0.026990825 | AH45: =하이퐁_DATA!W45 -> 0.57667612 | AI45: =IFERROR(1+(AF45-AH45)/IF(AH45<0,-AH45,AH45),"") -> 0.30213453 | AJ45: =하이퐁_DATA!X45 -> 6.8160742 | AK45: =하이퐁_DATA!Y45 -> 0 | AL45: =IFERROR(1+(AK45-AJ45)/IF(AJ45<0,-AJ45,AJ45),"") -> 0 | AM45: =하이퐁_DATA!Z45 -> 0 | AN45: =IFERROR(1+(AK45-AM45)/IF(AM45<0,-AM45,AM45),"") | AO45: =하이퐁_DATA!AA45 -> 4.2764571 | AP45: =하이퐁_DATA!AB45 -> 0 | AQ45: =IFERROR(1+(AP45-AO45)/IF(AO45<0,-AO45,AO45),"") -> 0 | AR45: =하이퐁_DATA!AC45 -> 0.17857712 | AS45: =IFERROR(1+(AP45-AR45)/IF(AR45<0,-AR45,AR45),"") -> 0 | AT45: =하이퐁_DATA!AD45 -> 4.2764571 | AU45: =하이퐁_DATA!AE45 -> 0 | AV45: =IFERROR(1+(AU45-AT45)/IF(AT45<0,-AT45,AT45),"") -> 0 | AW45: =하이퐁_DATA!AF45 -> 0.11542345 | AX45: =IFERROR(1+(AU45-AW45)/IF(AW45<0,-AW45,AW45),"") -> 0 | AY45: =하이퐁_DATA!AG45 -> 4.6431197 | AZ45: =하이퐁_DATA!AH45 -> 0 | BA45: =IFERROR(1+(AZ45-AY45)/IF(AY45<0,-AY45,AY45),"") -> 0 | BB45: =하이퐁_DATA!AI45 -> 0.24221269 | BC45: =IFERROR(1+(AZ45-BB45)/IF(BB45<0,-BB45,BB45),"") -> 0 | BD45: =하이퐁_DATA!AJ45 -> 8.6498272 | BE45: =하이퐁_DATA!AK45 -> 0 | BF45: =IFERROR(1+(BE45-BD45)/IF(BD45<0,-BD45,BD45),"") -> 0 | BG45: =하이퐁_DATA!AL45 -> 1.3099417 | BH45: =IFERROR(1+(BE45-BG45)/IF(BG45<0,-BG45,BG45),"") -> 0 | BI45: =하이퐁_DATA!AM45 -> 9.0059761 | BJ45: =하이퐁_DATA!AN45 -> 0 | BK45: =IFERROR(1+(BJ45-BI45)/IF(BI45<0,-BI45,BI45),"") -> 0 | BL45: =하이퐁_DATA!AO45 -> 0.37716547 | BM45: =IFERROR(1+(BJ45-BL45)/IF(BL45<0,-BL45,BL45),"") -> 0 | BN45: =하이퐁_DATA!AP45 -> 10.837768 | BO45: =하이퐁_DATA!AQ45 -> 0 | BP45: =IFERROR(1+(BO45-BN45)/IF(BN45<0,-BN45,BN45),"") -> 0 | BQ45: =하이퐁_DATA!AR45 -> 0.77571361 | BR45: =IFERROR(1+(BO45-BQ45)/IF(BQ45<0,-BQ45,BQ45),"") -> 0
E46: FIT | F46: =K46+P46+U46+Z46+AE46+AJ46+AO46+AT46+AY46+BD46+BI46+BN46 -> 59.201413 | G46: =L46+Q46+V46+AA46+AF46+AK46+AP46+AU46+AZ46+BE46+BK46+BO46 -> 6.5374604 | H46: =IFERROR(1+(G46-F46)/IF(F46<0,-F46,F46),"") -> 0.11042744 | I46: =N46+S46+X46+AC46+AH46+AM46+AR46+AW46+BB46+BG46+BM46+BQ46 -> 26.267089 | J46: =IFERROR(1+(G46-I46)/IF(I46<0,-I46,I46),"") -> 0.24888408 | K46: =하이퐁_DATA!I46 -> 7.519271 | L46: =하이퐁_DATA!J46 -> 1.6108108 | M46: =IFERROR(1+(L46-K46)/IF(K46<0,-K46,K46),"") -> 0.21422434 | N46: =하이퐁_DATA!K46 -> 5.3915946 | O46: =IFERROR(1+(L46-N46)/IF(N46<0,-N46,N46),"") -> 0.29876335 | P46: =하이퐁_DATA!L46 -> 7.2092612 | Q46: =하이퐁_DATA!M46 -> 3.4750827 | R46: =IFERROR(1+(Q46-P46)/IF(P46<0,-P46,P46),"") -> 0.48203035 | S46: =하이퐁_DATA!N46 -> 8.2829177 | T46: =IFERROR(1+(Q46-S46)/IF(S46<0,-S46,S46),"") -> 0.41954814 | U46: =하이퐁_DATA!O46 -> 4.7449256 | V46: =하이퐁_DATA!P46 -> 1.1111054 | W46: =IFERROR(1+(V46-U46)/IF(U46<0,-U46,U46),"") -> 0.23416709 | X46: =하이퐁_DATA!Q46 -> 0.67138211 | Y46: =IFERROR(1+(V46-X46)/IF(X46<0,-X46,X46),"") -> 1.6549524 | Z46: =하이퐁_DATA!R46 -> 3.0873056 | AA46: =하이퐁_DATA!S46 -> 0.34046152 | AB46: =IFERROR(1+(AA46-Z46)/IF(Z46<0,-Z46,Z46),"") -> 0.11027788 | AC46: =하이퐁_DATA!T46 -> 0.51628119 | AD46: =IFERROR(1+(AA46-AC46)/IF(AC46<0,-AC46,AC46),"") -> 0.65944979 | AE46: =하이퐁_DATA!U46 -> 4.3035307 | AF46: =하이퐁_DATA!V46 -> 0 | AG46: =IFERROR(1+(AF46-AE46)/IF(AE46<0,-AE46,AE46),"") -> 0 | AH46: =하이퐁_DATA!W46 -> 1.0231196 | AI46: =IFERROR(1+(AF46-AH46)/IF(AH46<0,-AH46,AH46),"") -> 0 | AJ46: =하이퐁_DATA!X46 -> 4.5440495 | AK46: =하이퐁_DATA!Y46 -> 0 | AL46: =IFERROR(1+(AK46-AJ46)/IF(AJ46<0,-AJ46,AJ46),"") -> 0 | AM46: =하이퐁_DATA!Z46 -> 3.2890392 | AN46: =IFERROR(1+(AK46-AM46)/IF(AM46<0,-AM46,AM46),"") -> 0 | AO46: =하이퐁_DATA!AA46 -> 2.8509714 | AP46: =하이퐁_DATA!AB46 -> 0 | AQ46: =IFERROR(1+(AP46-AO46)/IF(AO46<0,-AO46,AO46),"") -> 0 | AR46: =하이퐁_DATA!AC46 -> 2.0530879 | AS46: =IFERROR(1+(AP46-AR46)/IF(AR46<0,-AR46,AR46),"") -> 0 | AT46: =하이퐁_DATA!AD46 -> 2.8509714 | AU46: =하이퐁_DATA!AE46 -> 0 | AV46: =IFERROR(1+(AU46-AT46)/IF(AT46<0,-AT46,AT46),"") -> 0 | AW46: =하이퐁_DATA!AF46 -> 1.3527034 | AX46: =IFERROR(1+(AU46-AW46)/IF(AW46<0,-AW46,AW46),"") -> 0 | AY46: =하이퐁_DATA!AG46 -> 3.0954131 | AZ46: =하이퐁_DATA!AH46 -> 0 | BA46: =IFERROR(1+(AZ46-AY46)/IF(AY46<0,-AY46,AY46),"") -> 0 | BB46: =하이퐁_DATA!AI46 -> 0.78152849 | BC46: =IFERROR(1+(AZ46-BB46)/IF(BB46<0,-BB46,BB46),"") -> 0 | BD46: =하이퐁_DATA!AJ46 -> 5.7665515 | BE46: =하이퐁_DATA!AK46 -> 0 | BF46: =IFERROR(1+(BE46-BD46)/IF(BD46<0,-BD46,BD46),"") -> 0 | BG46: =하이퐁_DATA!AL46 -> 0.36857237 | BH46: =IFERROR(1+(BE46-BG46)/IF(BG46<0,-BG46,BG46),"") -> 0 | BI46: =하이퐁_DATA!AM46 -> 6.0039841 | BJ46: =하이퐁_DATA!AN46 -> 0 | BK46: =IFERROR(1+(BJ46-BI46)/IF(BI46<0,-BI46,BI46),"") -> 0 | BL46: =하이퐁_DATA!AO46 -> 3.4055622 | BM46: =IFERROR(1+(BJ46-BL46)/IF(BL46<0,-BL46,BL46),"") -> 0 | BN46: =하이퐁_DATA!AP46 -> 7.2251784 | BO46: =하이퐁_DATA!AQ46 -> 0 | BP46: =IFERROR(1+(BO46-BN46)/IF(BN46<0,-BN46,BN46),"") -> 0 | BQ46: =하이퐁_DATA!AR46 -> 2.5368628 | BR46: =IFERROR(1+(BO46-BQ46)/IF(BQ46<0,-BQ46,BQ46),"") -> 0
E47: Others | F47: =K47+P47+U47+Z47+AE47+AJ47+AO47+AT47+AY47+BD47+BI47+BN47 -> 207.20495 | G47: =L47+Q47+V47+AA47+AF47+AK47+AP47+AU47+AZ47+BE47+BK47+BO47 -> 154.77939 | H47: =IFERROR(1+(G47-F47)/IF(F47<0,-F47,F47),"") -> 0.74698692 | I47: =N47+S47+X47+AC47+AH47+AM47+AR47+AW47+BB47+BG47+BM47+BQ47 -> 247.19557 | J47: =IFERROR(1+(G47-I47)/IF(I47<0,-I47,I47),"") -> 0.62614142 | K47: =하이퐁_DATA!I47 -> 26.317448 | L47: =하이퐁_DATA!J47 -> 83.677083 | M47: =IFERROR(1+(L47-K47)/IF(K47<0,-K47,K47),"") -> 3.1795287 | N47: =하이퐁_DATA!K47 -> 94.652141 | O47: =IFERROR(1+(L47-N47)/IF(N47<0,-N47,N47),"") -> 0.88404849 | P47: =하이퐁_DATA!L47 -> 25.232414 | Q47: =하이퐁_DATA!M47 -> 41.596042 | R47: =IFERROR(1+(Q47-P47)/IF(P47<0,-P47,P47),"") -> 1.6485162 | S47: =하이퐁_DATA!N47 -> 43.840935 | T47: =IFERROR(1+(Q47-S47)/IF(S47<0,-S47,S47),"") -> 0.94879459 | U47: =하이퐁_DATA!O47 -> 16.60724 | V47: =하이퐁_DATA!P47 -> 23.205946 | W47: =IFERROR(1+(V47-U47)/IF(U47<0,-U47,U47),"") -> 1.3973392 | X47: =하이퐁_DATA!Q47 -> 17.150445 | Y47: =IFERROR(1+(V47-X47)/IF(X47<0,-X47,X47),"") -> 1.3530813 | Z47: =하이퐁_DATA!R47 -> 10.805569 | AA47: =하이퐁_DATA!S47 -> 6.3003138 | AB47: =IFERROR(1+(AA47-Z47)/IF(Z47<0,-Z47,Z47),"") -> 0.5830617 | AC47: =하이퐁_DATA!T47 -> 5.6836301 | AD47: =IFERROR(1+(AA47-AC47)/IF(AC47<0,-AC47,AC47),"") -> 1.1085017 | AE47: =하이퐁_DATA!U47 -> 15.062358 | AF47: =하이퐁_DATA!V47 -> 0 | AG47: =IFERROR(1+(AF47-AE47)/IF(AE47<0,-AE47,AE47),"") -> 0 | AH47: =하이퐁_DATA!W47 -> 9.2708024 | AI47: =IFERROR(1+(AF47-AH47)/IF(AH47<0,-AH47,AH47),"") -> 0 | AJ47: =하이퐁_DATA!X47 -> 15.904173 | AK47: =하이퐁_DATA!Y47 -> 0 | AL47: =IFERROR(1+(AK47-AJ47)/IF(AJ47<0,-AJ47,AJ47),"") -> 0 | AM47: =하이퐁_DATA!Z47 -> 5.976265 | AN47: =IFERROR(1+(AK47-AM47)/IF(AM47<0,-AM47,AM47),"") -> 0 | AO47: =하이퐁_DATA!AA47 -> 9.9783999 | AP47: =하이퐁_DATA!AB47 -> 0 | AQ47: =IFERROR(1+(AP47-AO47)/IF(AO47<0,-AO47,AO47),"") -> 0 | AR47: =하이퐁_DATA!AC47 -> 4.1445773 | AS47: =IFERROR(1+(AP47-AR47)/IF(AR47<0,-AR47,AR47),"") -> 0 | AT47: =하이퐁_DATA!AD47 -> 9.9783999 | AU47: =하이퐁_DATA!AE47 -> 0 | AV47: =IFERROR(1+(AU47-AT47)/IF(AT47<0,-AT47,AT47),"") -> 0 | AW47: =하이퐁_DATA!AF47 -> 5.123362 | AX47: =IFERROR(1+(AU47-AW47)/IF(AW47<0,-AW47,AW47),"") -> 0 | AY47: =하이퐁_DATA!AG47 -> 10.833946 | AZ47: =하이퐁_DATA!AH47 -> 0 | BA47: =IFERROR(1+(AZ47-AY47)/IF(AY47<0,-AY47,AY47),"") -> 0 | BB47: =하이퐁_DATA!AI47 -> 9.8646313 | BC47: =IFERROR(1+(AZ47-BB47)/IF(BB47<0,-BB47,BB47),"") -> 0 | BD47: =하이퐁_DATA!AJ47 -> 20.18293 | BE47: =하이퐁_DATA!AK47 -> 0 | BF47: =IFERROR(1+(BE47-BD47)/IF(BD47<0,-BD47,BD47),"") -> 0 | BG47: =하이퐁_DATA!AL47 -> 12.18305 | BH47: =IFERROR(1+(BE47-BG47)/IF(BG47<0,-BG47,BG47),"") -> 0 | BI47: =하이퐁_DATA!AM47 -> 21.013944 | BJ47: =하이퐁_DATA!AN47 -> 0 | BK47: =IFERROR(1+(BJ47-BI47)/IF(BI47<0,-BI47,BI47),"") -> 0 | BL47: =하이퐁_DATA!AO47 -> 22.006248 | BM47: =IFERROR(1+(BJ47-BL47)/IF(BL47<0,-BL47,BL47),"") -> 0 | BN47: =하이퐁_DATA!AP47 -> 25.288124 | BO47: =하이퐁_DATA!AQ47 -> 0 | BP47: =IFERROR(1+(BO47-BN47)/IF(BN47<0,-BN47,BN47),"") -> 0 | BQ47: =하이퐁_DATA!AR47 -> 39.305729 | BR47: =IFERROR(1+(BO47-BQ47)/IF(BQ47<0,-BQ47,BQ47),"") -> 0
H48: =IFERROR(1+(G48-F48)/IF(G48<0,-G48,G48),"") | J48: =IFERROR(1+(I48-G48)/IF(I48<0,-I48,I48),"") | M48: =IFERROR(1+(L48-K48)/IF(L48<0,-L48,L48),"") | O48: =IFERROR(1+(N48-L48)/IF(N48<0,-N48,N48),"") | R48: =IFERROR(1+(Q48-P48)/IF(Q48<0,-Q48,Q48),"") | T48: =IFERROR(1+(S48-Q48)/IF(S48<0,-S48,S48),"") | W48: =IFERROR(1+(V48-U48)/IF(U48<0,-U48,U48),"") | Y48: =IFERROR(1+(V48-X48)/IF(X48<0,-X48,X48),"") | AB48: =IFERROR(1+(AA48-Z48)/IF(Z48<0,-Z48,Z48),"") | AD48: =IFERROR(1+(AA48-AC48)/IF(AC48<0,-AC48,AC48),"") | AG48: =IFERROR(1+(AF48-AE48)/IF(AE48<0,-AE48,AE48),"") | AI48: =IFERROR(1+(AF48-AH48)/IF(AH48<0,-AH48,AH48),"") | AL48: =IFERROR(1+(AK48-AJ48)/IF(AJ48<0,-AJ48,AJ48),"") | AN48: =IFERROR(1+(AK48-AM48)/IF(AM48<0,-AM48,AM48),"") | AQ48: =IFERROR(1+(AP48-AO48)/IF(AO48<0,-AO48,AO48),"") | AS48: =IFERROR(1+(AP48-AR48)/IF(AR48<0,-AR48,AR48),"") | AV48: =IFERROR(1+(AU48-AT48)/IF(AT48<0,-AT48,AT48),"") | AX48: =IFERROR(1+(AU48-AW48)/IF(AW48<0,-AW48,AW48),"") | BA48: =IFERROR(1+(AZ48-AY48)/IF(AY48<0,-AY48,AY48),"") | BC48: =IFERROR(1+(AZ48-BB48)/IF(BB48<0,-BB48,BB48),"") | BF48: =IFERROR(1+(BE48-BD48)/IF(BD48<0,-BD48,BD48),"") | BH48: =IFERROR(1+(BE48-BG48)/IF(BG48<0,-BG48,BG48),"") | BK48: =IFERROR(1+(BJ48-BI48)/IF(BI48<0,-BI48,BI48),"") | BM48: =IFERROR(1+(BJ48-BL48)/IF(BL48<0,-BL48,BL48),"") | BP48: =IFERROR(1+(BO48-BN48)/IF(BN48<0,-BN48,BN48),"") | BR48: =IFERROR(1+(BO48-BQ48)/IF(BQ48<0,-BQ48,BQ48),"")
D49: 골프 | E49: 해외 I Total | F49: =K49+P49+U49+Z49+AE49+AJ49+AO49+AT49+AY49+BD49+BI49+BN49 -> 1448.846 | G49: =L49+Q49+V49+AA49+AF49+AK49+AP49+AU49+AZ49+BE49+BK49+BO49 -> 622.81028 | H49: =IFERROR(1+(G49-F49)/IF(F49<0,-F49,F49),"") -> 0.42986644 | I49: =N49+S49+X49+AC49+AH49+AM49+AR49+AW49+BB49+BG49+BM49+BQ49 -> 849.24589 | J49: =IFERROR(1+(G49-I49)/IF(I49<0,-I49,I49),"") -> 0.73336861 | K49: =하이퐁_DATA!I49 -> 275.018 | L49: =하이퐁_DATA!J49 -> 286.13024 | M49: =IFERROR(1+(L49-K49)/IF(K49<0,-K49,K49),"") -> 1.0404055 | N49: =하이퐁_DATA!K49 -> 235.29909 | O49: =IFERROR(1+(L49-N49)/IF(N49<0,-N49,N49),"") -> 1.2160278 | P49: =하이퐁_DATA!L49 -> 181.675 | Q49: =하이퐁_DATA!M49 -> 166.02855 | R49: =IFERROR(1+(Q49-P49)/IF(P49<0,-P49,P49),"") -> 0.9138767 | S49: =하이퐁_DATA!N49 -> 150.19398 | T49: =IFERROR(1+(Q49-S49)/IF(S49<0,-S49,S49),"") -> 1.1054275 | U49: =하이퐁_DATA!O49 -> 130.5 | V49: =하이퐁_DATA!P49 -> 94.817199 | W49: =IFERROR(1+(V49-U49)/IF(U49<0,-U49,U49),"") -> 0.72656857 | X49: =하이퐁_DATA!Q49 -> 96.664638 | Y49: =IFERROR(1+(V49-X49)/IF(X49<0,-X49,X49),"") -> 0.98088816 | Z49: =하이퐁_DATA!R49 -> 39.083 | AA49: =하이퐁_DATA!S49 -> 34.072193 | AB49: =IFERROR(1+(AA49-Z49)/IF(Z49<0,-Z49,Z49),"") -> 0.87179063 | AC49: =하이퐁_DATA!T49 -> 30.08873 | AD49: =IFERROR(1+(AA49-AC49)/IF(AC49<0,-AC49,AC49),"") -> 1.1323906 | AE49: =하이퐁_DATA!U49 -> 38.496 | AF49: =하이퐁_DATA!V49 -> 12.963961 | AG49: =IFERROR(1+(AF49-AE49)/IF(AE49<0,-AE49,AE49),"") -> 0.33676124 | AH49: =하이퐁_DATA!W49 -> 37.949161 | AI49: =IFERROR(1+(AF49-AH49)/IF(AH49<0,-AH49,AH49),"") -> 0.34161389 | AJ49: =하이퐁_DATA!X49 -> 34.138 | AK49: =하이퐁_DATA!Y49 -> 8.5638094 | AL49: =IFERROR(1+(AK49-AJ49)/IF(AJ49<0,-AJ49,AJ49),"") -> 0.25085856 | AM49: =하이퐁_DATA!Z49 -> 19.682054 | AN49: =IFERROR(1+(AK49-AM49)/IF(AM49<0,-AM49,AM49),"") -> 0.4351075 | AO49: =하이퐁_DATA!AA49 -> 34.587 | AP49: =하이퐁_DATA!AB49 -> 16.723511 | AQ49: =IFERROR(1+(AP49-AO49)/IF(AO49<0,-AO49,AO49),"") -> 0.48352013 | AR49: =하이퐁_DATA!AC49 -> 20.865564 | AS49: =IFERROR(1+(AP49-AR49)/IF(AR49<0,-AR49,AR49),"") -> 0.80148857 | AT49: =하이퐁_DATA!AD49 -> 37.68 | AU49: =하이퐁_DATA!AE49 -> 3.5108164 | AV49: =IFERROR(1+(AU49-AT49)/IF(AT49<0,-AT49,AT49),"") -> 0.093174534 | AW49: =하이퐁_DATA!AF49 -> 23.576529 | AX49: =IFERROR(1+(AU49-AW49)/IF(AW49<0,-AW49,AW49),"") -> 0.14891151 | AY49: =하이퐁_DATA!AG49 -> 66.54 | AZ49: =하이퐁_DATA!AH49 -> 0 | BA49: =IFERROR(1+(AZ49-AY49)/IF(AY49<0,-AY49,AY49),"") -> 0 | BB49: =하이퐁_DATA!AI49 -> 25.441716 | BC49: =IFERROR(1+(AZ49-BB49)/IF(BB49<0,-BB49,BB49),"") -> 0 | BD49: =하이퐁_DATA!AJ49 -> 102.731 | BE49: =하이퐁_DATA!AK49 -> 0 | BF49: =IFERROR(1+(BE49-BD49)/IF(BD49<0,-BD49,BD49),"") -> 0 | BG49: =하이퐁_DATA!AL49 -> 54.182008 | BH49: =IFERROR(1+(BE49-BG49)/IF(BG49<0,-BG49,BG49),"") -> 0 | BI49: =하이퐁_DATA!AM49 -> 202.27 | BJ49: =하이퐁_DATA!AN49 -> 0 | BK49: =IFERROR(1+(BJ49-BI49)/IF(BI49<0,-BI49,BI49),"") -> 0 | BL49: =하이퐁_DATA!AO49 -> 87.764492 | BM49: =IFERROR(1+(BJ49-BL49)/IF(BL49<0,-BL49,BL49),"") -> 0 | BN49: =하이퐁_DATA!AP49 -> 306.128 | BO49: =하이퐁_DATA!AQ49 -> 0 | BP49: =IFERROR(1+(BO49-BN49)/IF(BN49<0,-BN49,BN49),"") -> 0 | BQ49: =하이퐁_DATA!AR49 -> 155.30242 | BR49: =IFERROR(1+(BO49-BQ49)/IF(BQ49<0,-BQ49,BQ49),"") -> 0
E50: 회원 | F50: =K50+P50+U50+Z50+AE50+AJ50+AO50+AT50+AY50+BD50+BI50+BN50 -> 559.54321 | G50: =L50+Q50+V50+AA50+AF50+AK50+AP50+AU50+AZ50+BE50+BK50+BO50 -> 363.03306 | H50: =IFERROR(1+(G50-F50)/IF(F50<0,-F50,F50),"") -> 0.64880256 | I50: =N50+S50+X50+AC50+AH50+AM50+AR50+AW50+BB50+BG50+BM50+BQ50 -> 359.37983 | J50: =IFERROR(1+(G50-I50)/IF(I50<0,-I50,I50),"") -> 1.0101654 | K50: =하이퐁_DATA!I50 -> 109.00713 | L50: =하이퐁_DATA!J50 -> 146.30592 | M50: =IFERROR(1+(L50-K50)/IF(K50<0,-K50,K50),"") -> 1.3421683 | N50: =하이퐁_DATA!K50 -> 62.64186 | O50: =IFERROR(1+(L50-N50)/IF(N50<0,-N50,N50),"") -> 2.3355936 | P50: =하이퐁_DATA!L50 -> 71.871429 | Q50: =하이퐁_DATA!M50 -> 93.871333 | R50: =IFERROR(1+(Q50-P50)/IF(P50<0,-P50,P50),"") -> 1.3061008 | S50: =하이퐁_DATA!N50 -> 54.598473 | T50: =IFERROR(1+(Q50-S50)/IF(S50<0,-S50,S50),"") -> 1.7193033 | U50: =하이퐁_DATA!O50 -> 51.196154 | V50: =하이퐁_DATA!P50 -> 78.923601 | W50: =IFERROR(1+(V50-U50)/IF(U50<0,-U50,U50),"") -> 1.5415924 | X50: =하이퐁_DATA!Q50 -> 46.411085 | Y50: =IFERROR(1+(V50-X50)/IF(X50<0,-X50,X50),"") -> 1.7005334 | Z50: =하이퐁_DATA!R50 -> 15.6332 | AA50: =하이퐁_DATA!S50 -> 25.790335 | AB50: =IFERROR(1+(AA50-Z50)/IF(Z50<0,-Z50,Z50),"") -> 1.6497157 | AC50: =하이퐁_DATA!T50 -> 10.378082 | AD50: =IFERROR(1+(AA50-AC50)/IF(AC50<0,-AC50,AC50),"") -> 2.4850773 | AE50: =하이퐁_DATA!U50 -> 14.182737 | AF50: =하이퐁_DATA!V50 -> 5.707917 | AG50: =IFERROR(1+(AF50-AE50)/IF(AE50<0,-AE50,AE50),"") -> 0.40245526 | AH50: =하이퐁_DATA!W50 -> 13.222275 | AI50: =IFERROR(1+(AF50-AH50)/IF(AH50<0,-AH50,AH50),"") -> 0.43168949 | AJ50: =하이퐁_DATA!X50 -> 13.052765 | AK50: =하이퐁_DATA!Y50 -> 7.5688318 | AL50: =IFERROR(1+(AK50-AJ50)/IF(AJ50<0,-AJ50,AJ50),"") -> 0.57986426 | AM50: =하이퐁_DATA!Z50 -> 12.639015 | AN50: =IFERROR(1+(AK50-AM50)/IF(AM50<0,-AM50,AM50),"") -> 0.59884664 | AO50: =하이퐁_DATA!AA50 -> 12.8466 | AP50: =하이퐁_DATA!AB50 -> 3.3319788 | AQ50: =IFERROR(1+(AP50-AO50)/IF(AO50<0,-AO50,AO50),"") -> 0.25936659 | AR50: =하이퐁_DATA!AC50 -> 8.7113894 | AS50: =IFERROR(1+(AP50-AR50)/IF(AR50<0,-AR50,AR50),"") -> 0.38248535 | AT50: =하이퐁_DATA!AD50 -> 13.882105 | AU50: =하이퐁_DATA!AE50 -> 1.5331422 | AV50: =IFERROR(1+(AU50-AT50)/IF(AT50<0,-AT50,AT50),"") -> 0.11044018 | AW50: =하이퐁_DATA!AF50 -> 15.973229 | AX50: =IFERROR(1+(AU50-AW50)/IF(AW50<0,-AW50,AW50),"") -> 0.095981984 | AY50: =하이퐁_DATA!AG50 -> 25.821493 | AZ50: =하이퐁_DATA!AH50 -> 0 | BA50: =IFERROR(1+(AZ50-AY50)/IF(AY50<0,-AY50,AY50),"") -> 0 | BB50: =하이퐁_DATA!AI50 -> 15.177178 | BC50: =IFERROR(1+(AZ50-BB50)/IF(BB50<0,-BB50,BB50),"") -> 0 | BD50: =하이퐁_DATA!AJ50 -> 38.898146 | BE50: =하이퐁_DATA!AK50 -> 0 | BF50: =IFERROR(1+(BE50-BD50)/IF(BD50<0,-BD50,BD50),"") -> 0 | BG50: =하이퐁_DATA!AL50 -> 27.304417 | BH50: =IFERROR(1+(BE50-BG50)/IF(BG50<0,-BG50,BG50),"") -> 0 | BI50: =하이퐁_DATA!AM50 -> 77.102921 | BJ50: =하이퐁_DATA!AN50 -> 0 | BK50: =IFERROR(1+(BJ50-BI50)/IF(BI50<0,-BI50,BI50),"") -> 0 | BL50: =하이퐁_DATA!AO50 -> 46.702197 | BM50: =IFERROR(1+(BJ50-BL50)/IF(BL50<0,-BL50,BL50),"") -> 0 | BN50: =하이퐁_DATA!AP50 -> 116.04852 | BO50: =하이퐁_DATA!AQ50 -> 0 | BP50: =IFERROR(1+(BO50-BN50)/IF(BN50<0,-BN50,BN50),"") -> 0 | BQ50: =하이퐁_DATA!AR50 -> 92.322826 | BR50: =IFERROR(1+(BO50-BQ50)/IF(BQ50<0,-BQ50,BQ50),"") -> 0
E51: SONO회원 | F51: =K51+P51+U51+Z51+AE51+AJ51+AO51+AT51+AY51+BD51+BI51+BN51 -> 16.9677 | G51: =L51+Q51+V51+AA51+AF51+AK51+AP51+AU51+AZ51+BE51+BK51+BO51 -> 25.803414 | H51: =IFERROR(1+(G51-F51)/IF(F51<0,-F51,F51),"") -> 1.5207373 | I51: =N51+S51+X51+AC51+AH51+AM51+AR51+AW51+BB51+BG51+BM51+BQ51 -> 141.62431 | J51: =IFERROR(1+(G51-I51)/IF(I51<0,-I51,I51),"") -> 0.18219623 | K51: =하이퐁_DATA!I51 -> 1.0000655 | L51: =하이퐁_DATA!J51 -> 11.981379 | M51: =IFERROR(1+(L51-K51)/IF(K51<0,-K51,K51),"") -> 11.980595 | N51: =하이퐁_DATA!K51 -> 49.244504 | O51: =IFERROR(1+(L51-N51)/IF(N51<0,-N51,N51),"") -> 0.24330388 | P51: =하이퐁_DATA!L51 -> 1.9964286 | Q51: =하이퐁_DATA!M51 -> 9.6331212 | R51: =IFERROR(1+(Q51-P51)/IF(P51<0,-P51,P51),"") -> 4.825177 | S51: =하이퐁_DATA!N51 -> 28.964064 | T51: =IFERROR(1+(Q51-S51)/IF(S51<0,-S51,S51),"") -> 0.33258872 | U51: =하이퐁_DATA!O51 -> 1.0038462 | V51: =하이퐁_DATA!P51 -> 2.0327273 | W51: =IFERROR(1+(V51-U51)/IF(U51<0,-U51,U51),"") -> 2.024939 | X51: =하이퐁_DATA!Q51 -> 19.484803 | Y51: =IFERROR(1+(V51-X51)/IF(X51<0,-X51,X51),"") -> 0.10432373 | Z51: =하이퐁_DATA!R51 -> 0.977075 | AA51: =하이퐁_DATA!S51 -> 1.1680559 | AB51: =IFERROR(1+(AA51-Z51)/IF(Z51<0,-Z51,Z51),"") -> 1.1954619 | AC51: =하이퐁_DATA!T51 -> 5.88025 | AD51: =IFERROR(1+(AA51-AC51)/IF(AC51<0,-AC51,AC51),"") -> 0.19864052 | AE51: =하이퐁_DATA!U51 -> 1.0130526 | AF51: =하이퐁_DATA!V51 -> 0 | AG51: =IFERROR(1+(AF51-AE51)/IF(AE51<0,-AE51,AE51),"") -> 0 | AH51: =하이퐁_DATA!W51 -> 6.8406079 | AI51: =IFERROR(1+(AF51-AH51)/IF(AH51<0,-AH51,AH51),"") -> 0 | AJ51: =하이퐁_DATA!X51 -> 1.0040588 | AK51: =하이퐁_DATA!Y51 -> 0.98813131 | AL51: =IFERROR(1+(AK51-AJ51)/IF(AJ51<0,-AJ51,AJ51),"") -> 0.98413688 | AM51: =하이퐁_DATA!Z51 -> 5.9672727 | AN51: =IFERROR(1+(AK51-AM51)/IF(AM51<0,-AM51,AM51),"") -> 0.16559178 | AO51: =하이퐁_DATA!AA51 -> 0.9882 | AP51: =하이퐁_DATA!AB51 -> 0 | AQ51: =IFERROR(1+(AP51-AO51)/IF(AO51<0,-AO51,AO51),"") -> 0 | AR51: =하이퐁_DATA!AC51 -> 2.7888712 | AS51: =IFERROR(1+(AP51-AR51)/IF(AR51<0,-AR51,AR51),"") -> 0 | AT51: =하이퐁_DATA!AD51 -> 0 | AU51: =하이퐁_DATA!AE51 -> 0 | AV51: =IFERROR(1+(AU51-AT51)/IF(AT51<0,-AT51,AT51),"") | AW51: =하이퐁_DATA!AF51 -> 3.1328182 | AX51: =IFERROR(1+(AU51-AW51)/IF(AW51<0,-AW51,AW51),"") -> 0 | AY51: =하이퐁_DATA!AG51 -> 1.9862687 | AZ51: =하이퐁_DATA!AH51 -> 0 | BA51: =IFERROR(1+(AZ51-AY51)/IF(AY51<0,-AY51,AY51),"") -> 0 | BB51: =하이퐁_DATA!AI51 -> 4.2703296 | BC51: =IFERROR(1+(AZ51-BB51)/IF(BB51<0,-BB51,BB51),"") -> 0 | BD51: =하이퐁_DATA!AJ51 -> 1.9947767 | BE51: =하이퐁_DATA!AK51 -> 0 | BF51: =IFERROR(1+(BE51-BD51)/IF(BD51<0,-BD51,BD51),"") -> 0 | BG51: =하이퐁_DATA!AL51 -> 6.5349924 | BH51: =IFERROR(1+(BE51-BG51)/IF(BG51<0,-BG51,BG51),"") -> 0 | BI51: =하이퐁_DATA!AM51 -> 2.0026733 | BJ51: =하이퐁_DATA!AN51 -> 0 | BK51: =IFERROR(1+(BJ51-BI51)/IF(BI51<0,-BI51,BI51),"") -> 0 | BL51: =하이퐁_DATA!AO51 -> 2.0388182 | BM51: =IFERROR(1+(BJ51-BL51)/IF(BL51<0,-BL51,BL51),"") -> 0 | BN51: =하이퐁_DATA!AP51 -> 3.0012549 | BO51: =하이퐁_DATA!AQ51 -> 0 | BP51: =IFERROR(1+(BO51-BN51)/IF(BN51<0,-BN51,BN51),"") -> 0 | BQ51: =하이퐁_DATA!AR51 -> 8.5157954 | BR51: =IFERROR(1+(BO51-BQ51)/IF(BQ51<0,-BQ51,BQ51),"") -> 0
E52: 멤버 프로모션 | F52: =K52+P52+U52+Z52+AE52+AJ52+AO52+AT52+AY52+BD52+BI52+BN52 -> 542.57551 | G52: =L52+Q52+V52+AA52+AF52+AK52+AP52+AU52+AZ52+BE52+BK52+BO52 -> 303.21557 | H52: =IFERROR(1+(G52-F52)/IF(F52<0,-F52,F52),"") -> 0.55884494 | I52: =N52+S52+X52+AC52+AH52+AM52+AR52+AW52+BB52+BG52+BM52+BQ52 -> 164.61779 | J52: =IFERROR(1+(G52-I52)/IF(I52<0,-I52,I52),"") -> 1.8419369 | K52: =하이퐁_DATA!I52 -> 108.00707 | L52: =하이퐁_DATA!J52 -> 125.18214 | M52: =IFERROR(1+(L52-K52)/IF(K52<0,-K52,K52),"") -> 1.159018 | N52: =하이퐁_DATA!K52 -> 9.6512349 | O52: =IFERROR(1+(L52-N52)/IF(N52<0,-N52,N52),"") -> 12.970582 | P52: =하이퐁_DATA!L52 -> 69.875 | Q52: =하이퐁_DATA!M52 -> 77.484076 | R52: =IFERROR(1+(Q52-P52)/IF(P52<0,-P52,P52),"") -> 1.1088955 | S52: =하이퐁_DATA!N52 -> 21.792977 | T52: =IFERROR(1+(Q52-S52)/IF(S52<0,-S52,S52),"") -> 3.5554608 | U52: =하이퐁_DATA!O52 -> 50.192308 | V52: =하이퐁_DATA!P52 -> 59.021083 | W52: =IFERROR(1+(V52-U52)/IF(U52<0,-U52,U52),"") -> 1.175899 | X52: =하이퐁_DATA!Q52 -> 21.584744 | Y52: =IFERROR(1+(V52-X52)/IF(X52<0,-X52,X52),"") -> 2.7343888 | Z52: =하이퐁_DATA!R52 -> 14.656125 | AA52: =하이퐁_DATA!S52 -> 24.374541 | AB52: =IFERROR(1+(AA52-Z52)/IF(Z52<0,-Z52,Z52),"") -> 1.6630959 | AC52: =하이퐁_DATA!T52 -> 3.1096121 | AD52: =IFERROR(1+(AA52-AC52)/IF(AC52<0,-AC52,AC52),"") -> 7.8384505 | AE52: =하이퐁_DATA!U52 -> 13.169684 | AF52: =하이퐁_DATA!V52 -> 5.707917 | AG52: =IFERROR(1+(AF52-AE52)/IF(AE52<0,-AE52,AE52),"") -> 0.43341335 | AH52: =하이퐁_DATA!W52 -> 0.7728447 | AI52: =IFERROR(1+(AF52-AH52)/IF(AH52<0,-AH52,AH52),"") -> 7.3855937 | AJ52: =하이퐁_DATA!X52 -> 12.048706 | AK52: =하이퐁_DATA!Y52 -> 6.5807005 | AL52: =IFERROR(1+(AK52-AJ52)/IF(AJ52<0,-AJ52,AJ52),"") -> 0.54617488 | AM52: =하이퐁_DATA!Z52 -> 2.2294394 | AN52: =IFERROR(1+(AK52-AM52)/IF(AM52<0,-AM52,AM52),"") -> 2.9517288 | AO52: =하이퐁_DATA!AA52 -> 11.8584 | AP52: =하이퐁_DATA!AB52 -> 3.3319788 | AQ52: =IFERROR(1+(AP52-AO52)/IF(AO52<0,-AO52,AO52),"") -> 0.28098047 | AR52: =하이퐁_DATA!AC52 -> 3.2413894 | AS52: =IFERROR(1+(AP52-AR52)/IF(AR52<0,-AR52,AR52),"") -> 1.0279477 | AT52: =하이퐁_DATA!AD52 -> 13.882105 | AU52: =하이퐁_DATA!AE52 -> 1.5331422 | AV52: =IFERROR(1+(AU52-AT52)/IF(AT52<0,-AT52,AT52),"") -> 0.11044018 | AW52: =하이퐁_DATA!AF52 -> 7.9526341 | AX52: =IFERROR(1+(AU52-AW52)/IF(AW52<0,-AW52,AW52),"") -> 0.1927842 | AY52: =하이퐁_DATA!AG52 -> 23.835224 | AZ52: =하이퐁_DATA!AH52 -> 0 | BA52: =IFERROR(1+(AZ52-AY52)/IF(AY52<0,-AY52,AY52),"") -> 0 | BB52: =하이퐁_DATA!AI52 -> 6.5204886 | BC52: =IFERROR(1+(AZ52-BB52)/IF(BB52<0,-BB52,BB52),"") -> 0 | BD52: =하이퐁_DATA!AJ52 -> 36.903369 | BE52: =하이퐁_DATA!AK52 -> 0 | BF52: =IFERROR(1+(BE52-BD52)/IF(BD52<0,-BD52,BD52),"") -> 0 | BG52: =하이퐁_DATA!AL52 -> 15.649587 | BH52: =IFERROR(1+(BE52-BG52)/IF(BG52<0,-BG52,BG52),"") -> 0 | BI52: =하이퐁_DATA!AM52 -> 75.100248 | BJ52: =하이퐁_DATA!AN52 -> 0 | BK52: =IFERROR(1+(BJ52-BI52)/IF(BI52<0,-BI52,BI52),"") -> 0 | BL52: =하이퐁_DATA!AO52 -> 42.866981 | BM52: =IFERROR(1+(BJ52-BL52)/IF(BL52<0,-BL52,BL52),"") -> 0 | BN52: =하이퐁_DATA!AP52 -> 113.04727 | BO52: =하이퐁_DATA!AQ52 -> 0 | BP52: =IFERROR(1+(BO52-BN52)/IF(BN52<0,-BN52,BN52),"") -> 0 | BQ52: =하이퐁_DATA!AR52 -> 72.112833 | BR52: =IFERROR(1+(BO52-BQ52)/IF(BQ52<0,-BQ52,BQ52),"") -> 0
E53: 멤버 토너먼트 | F53: =K53+P53+U53+Z53+AE53+AJ53+AO53+AT53+AY53+BD53+BI53+BN53 -> 0 | G53: =L53+Q53+V53+AA53+AF53+AK53+AP53+AU53+AZ53+BE53+BK53+BO53 -> #VALUE! | H53: =IFERROR(1+(G53-F53)/IF(F53<0,-F53,F53),"") | I53: =N53+S53+X53+AC53+AH53+AM53+AR53+AW53+BB53+BG53+BM53+BQ53 -> #VALUE! | J53: =IFERROR(1+(G53-I53)/IF(I53<0,-I53,I53),"") | K53: =하이퐁_DATA!I53 -> 0 | L53: =하이퐁_DATA!J53 -> 0 | M53: =IFERROR(1+(L53-K53)/IF(K53<0,-K53,K53),"") | N53: =하이퐁_DATA!K53 -> 0 | O53: =IFERROR(1+(L53-N53)/IF(N53<0,-N53,N53),"") | P53: =하이퐁_DATA!L53 -> 0 | Q53: =하이퐁_DATA!M53 -> 0 | R53: =IFERROR(1+(Q53-P53)/IF(P53<0,-P53,P53),"") | S53: =하이퐁_DATA!N53 -> 0 | T53: =IFERROR(1+(Q53-S53)/IF(S53<0,-S53,S53),"") | U53: =하이퐁_DATA!O53 -> 0 | V53: =하이퐁_DATA!P53 -> 12.207798 | W53: =IFERROR(1+(V53-U53)/IF(U53<0,-U53,U53),"") | X53: =하이퐁_DATA!Q53 -> 0 | Y53: =IFERROR(1+(V53-X53)/IF(X53<0,-X53,X53),"") | Z53: =하이퐁_DATA!R53 -> 0 | AA53: =하이퐁_DATA!S53 -> 0 | AB53: =IFERROR(1+(AA53-Z53)/IF(Z53<0,-Z53,Z53),"") | AC53: =하이퐁_DATA!T53 -> 0 | AD53: =IFERROR(1+(AA53-AC53)/IF(AC53<0,-AC53,AC53),"") | AE53: =하이퐁_DATA!U53 -> 0 | AF53: =하이퐁_DATA!V53 -> 0 | AG53: =IFERROR(1+(AF53-AE53)/IF(AE53<0,-AE53,AE53),"") | AH53: =하이퐁_DATA!W53 -> 0 | AI53: =IFERROR(1+(AF53-AH53)/IF(AH53<0,-AH53,AH53),"") | AJ53: =하이퐁_DATA!X53 -> 0 | AK53: =하이퐁_DATA!Y53 -> 0 | AL53: =IFERROR(1+(AK53-AJ53)/IF(AJ53<0,-AJ53,AJ53),"") | AM53: =하이퐁_DATA!Z53 -> 0 | AN53: =IFERROR(1+(AK53-AM53)/IF(AM53<0,-AM53,AM53),"") | AO53: =하이퐁_DATA!AA53 -> 0 | AP53: =하이퐁_DATA!AB53 -> 0 | AQ53: =IFERROR(1+(AP53-AO53)/IF(AO53<0,-AO53,AO53),"") | AR53: =하이퐁_DATA!AC53 -> 0 | AS53: =IFERROR(1+(AP53-AR53)/IF(AR53<0,-AR53,AR53),"") | AT53: =하이퐁_DATA!AD53 -> 0 | AU53: =하이퐁_DATA!AE53 -> 0 | AV53: =IFERROR(1+(AU53-AT53)/IF(AT53<0,-AT53,AT53),"") | AW53: =하이퐁_DATA!AF53 -> 0 | AX53: =IFERROR(1+(AU53-AW53)/IF(AW53<0,-AW53,AW53),"") | AY53: =하이퐁_DATA!AG53 -> 0 | AZ53: =하이퐁_DATA!AH53 -> 0 | BA53: =IFERROR(1+(AZ53-AY53)/IF(AY53<0,-AY53,AY53),"") | BB53: =하이퐁_DATA!AI53 -> 0 | BC53: =IFERROR(1+(AZ53-BB53)/IF(BB53<0,-BB53,BB53),"") | BD53: =하이퐁_DATA!AJ53 -> 0 | BE53: =하이퐁_DATA!AK53 -> 0 | BF53: =IFERROR(1+(BE53-BD53)/IF(BD53<0,-BD53,BD53),"") | BG53: =하이퐁_DATA!AL53 -> 0 | BH53: =IFERROR(1+(BE53-BG53)/IF(BG53<0,-BG53,BG53),"") | BI53: =하이퐁_DATA!AM53 -> 0 | BJ53: =하이퐁_DATA!AN53 -> 0 | BK53: =IFERROR(1+(BJ53-BI53)/IF(BI53<0,-BI53,BI53),"") | BL53: =하이퐁_DATA!AO53 -> 0 | BM53: =IFERROR(1+(BJ53-BL53)/IF(BL53<0,-BL53,BL53),"") | BN53: =하이퐁_DATA!AP53 -> 0 | BO53: =하이퐁_DATA!AQ53 -> 0 | BP53: =IFERROR(1+(BO53-BN53)/IF(BN53<0,-BN53,BN53),"") | BQ53: =하이퐁_DATA!AR53 -> 0 | BR53: =IFERROR(1+(BO53-BQ53)/IF(BQ53<0,-BQ53,BQ53),"")
E54: 멤버 Agency | F54: =K54+P54+U54+Z54+AE54+AJ54+AO54+AT54+AY54+BD54+BI54+BN54 -> 0 | G54: =L54+Q54+V54+AA54+AF54+AK54+AP54+AU54+AZ54+BE54+BK54+BO54 -> #VALUE! | H54: =IFERROR(1+(G54-F54)/IF(F54<0,-F54,F54),"") | I54: =N54+S54+X54+AC54+AH54+AM54+AR54+AW54+BB54+BG54+BM54+BQ54 -> #VALUE! | J54: =IFERROR(1+(G54-I54)/IF(I54<0,-I54,I54),"") | K54: =하이퐁_DATA!I54 -> 0 | L54: =하이퐁_DATA!J54 -> 0 | M54: =IFERROR(1+(L54-K54)/IF(K54<0,-K54,K54),"") | N54: =하이퐁_DATA!K54 -> 0 | O54: =IFERROR(1+(L54-N54)/IF(N54<0,-N54,N54),"") | P54: =하이퐁_DATA!L54 -> 0 | Q54: =하이퐁_DATA!M54 -> 0 | R54: =IFERROR(1+(Q54-P54)/IF(P54<0,-P54,P54),"") | S54: =하이퐁_DATA!N54 -> 0 | T54: =IFERROR(1+(Q54-S54)/IF(S54<0,-S54,S54),"") | U54: =하이퐁_DATA!O54 -> 0 | V54: =하이퐁_DATA!P54 -> 0 | W54: =IFERROR(1+(V54-U54)/IF(U54<0,-U54,U54),"") | X54: =하이퐁_DATA!Q54 -> 0 | Y54: =IFERROR(1+(V54-X54)/IF(X54<0,-X54,X54),"") | Z54: =하이퐁_DATA!R54 -> 0 | AA54: =하이퐁_DATA!S54 -> 0 | AB54: =IFERROR(1+(AA54-Z54)/IF(Z54<0,-Z54,Z54),"") | AC54: =하이퐁_DATA!T54 -> 0 | AD54: =IFERROR(1+(AA54-AC54)/IF(AC54<0,-AC54,AC54),"") | AE54: =하이퐁_DATA!U54 -> 0 | AF54: =하이퐁_DATA!V54 -> 0 | AG54: =IFERROR(1+(AF54-AE54)/IF(AE54<0,-AE54,AE54),"") | AH54: =하이퐁_DATA!W54 -> 0 | AI54: =IFERROR(1+(AF54-AH54)/IF(AH54<0,-AH54,AH54),"") | AJ54: =하이퐁_DATA!X54 -> 0 | AK54: =하이퐁_DATA!Y54 -> 0 | AL54: =IFERROR(1+(AK54-AJ54)/IF(AJ54<0,-AJ54,AJ54),"") | AM54: =하이퐁_DATA!Z54 -> 0 | AN54: =IFERROR(1+(AK54-AM54)/IF(AM54<0,-AM54,AM54),"") | AO54: =하이퐁_DATA!AA54 -> 0 | AP54: =하이퐁_DATA!AB54 -> 0 | AQ54: =IFERROR(1+(AP54-AO54)/IF(AO54<0,-AO54,AO54),"") | AR54: =하이퐁_DATA!AC54 -> 0 | AS54: =IFERROR(1+(AP54-AR54)/IF(AR54<0,-AR54,AR54),"") | AT54: =하이퐁_DATA!AD54 -> 0 | AU54: =하이퐁_DATA!AE54 -> 0 | AV54: =IFERROR(1+(AU54-AT54)/IF(AT54<0,-AT54,AT54),"") | AW54: =하이퐁_DATA!AF54 -> 0 | AX54: =IFERROR(1+(AU54-AW54)/IF(AW54<0,-AW54,AW54),"") | AY54: =하이퐁_DATA!AG54 -> 0 | AZ54: =하이퐁_DATA!AH54 -> 0 | BA54: =IFERROR(1+(AZ54-AY54)/IF(AY54<0,-AY54,AY54),"") | BB54: =하이퐁_DATA!AI54 -> 0 | BC54: =IFERROR(1+(AZ54-BB54)/IF(BB54<0,-BB54,BB54),"") | BD54: =하이퐁_DATA!AJ54 -> 0 | BE54: =하이퐁_DATA!AK54 -> 0 | BF54: =IFERROR(1+(BE54-BD54)/IF(BD54<0,-BD54,BD54),"") | BG54: =하이퐁_DATA!AL54 -> 0 | BH54: =IFERROR(1+(BE54-BG54)/IF(BG54<0,-BG54,BG54),"") | BI54: =하이퐁_DATA!AM54 -> 0 | BJ54: =하이퐁_DATA!AN54 -> 0 | BK54: =IFERROR(1+(BJ54-BI54)/IF(BI54<0,-BI54,BI54),"") | BL54: =하이퐁_DATA!AO54 -> 0 | BM54: =IFERROR(1+(BJ54-BL54)/IF(BL54<0,-BL54,BL54),"") | BN54: =하이퐁_DATA!AP54 -> 0 | BO54: =하이퐁_DATA!AQ54 -> 0 | BP54: =IFERROR(1+(BO54-BN54)/IF(BN54<0,-BN54,BN54),"") | BQ54: =하이퐁_DATA!AR54 -> 0 | BR54: =IFERROR(1+(BO54-BQ54)/IF(BQ54<0,-BQ54,BQ54),"")
E55: 그린휴(스테이션) | F55: =K55+P55+U55+Z55+AE55+AJ55+AO55+AT55+AY55+BD55+BI55+BN55 -> 0 | G55: =L55+Q55+V55+AA55+AF55+AK55+AP55+AU55+AZ55+BE55+BK55+BO55 -> #VALUE! | H55: =IFERROR(1+(G55-F55)/IF(F55<0,-F55,F55),"") | I55: =N55+S55+X55+AC55+AH55+AM55+AR55+AW55+BB55+BG55+BM55+BQ55 -> #VALUE! | J55: =IFERROR(1+(G55-I55)/IF(I55<0,-I55,I55),"") | K55: =하이퐁_DATA!I55 -> 0 | L55: =하이퐁_DATA!J55 -> 0 | M55: =IFERROR(1+(L55-K55)/IF(K55<0,-K55,K55),"") | N55: =하이퐁_DATA!K55 -> 0 | O55: =IFERROR(1+(L55-N55)/IF(N55<0,-N55,N55),"") | P55: =하이퐁_DATA!L55 -> 0 | Q55: =하이퐁_DATA!M55 -> 0 | R55: =IFERROR(1+(Q55-P55)/IF(P55<0,-P55,P55),"") | S55: =하이퐁_DATA!N55 -> 0 | T55: =IFERROR(1+(Q55-S55)/IF(S55<0,-S55,S55),"") | U55: =하이퐁_DATA!O55 -> 0 | V55: =하이퐁_DATA!P55 -> 0 | W55: =IFERROR(1+(V55-U55)/IF(U55<0,-U55,U55),"") | X55: =하이퐁_DATA!Q55 -> 0 | Y55: =IFERROR(1+(V55-X55)/IF(X55<0,-X55,X55),"") | Z55: =하이퐁_DATA!R55 -> 0 | AA55: =하이퐁_DATA!S55 -> 0 | AB55: =IFERROR(1+(AA55-Z55)/IF(Z55<0,-Z55,Z55),"") | AC55: =하이퐁_DATA!T55 -> 0 | AD55: =IFERROR(1+(AA55-AC55)/IF(AC55<0,-AC55,AC55),"") | AE55: =하이퐁_DATA!U55 -> 0 | AF55: =하이퐁_DATA!V55 -> 0 | AG55: =IFERROR(1+(AF55-AE55)/IF(AE55<0,-AE55,AE55),"") | AH55: =하이퐁_DATA!W55 -> 0 | AI55: =IFERROR(1+(AF55-AH55)/IF(AH55<0,-AH55,AH55),"") | AJ55: =하이퐁_DATA!X55 -> 0 | AK55: =하이퐁_DATA!Y55 -> 0 | AL55: =IFERROR(1+(AK55-AJ55)/IF(AJ55<0,-AJ55,AJ55),"") | AM55: =하이퐁_DATA!Z55 -> 0 | AN55: =IFERROR(1+(AK55-AM55)/IF(AM55<0,-AM55,AM55),"") | AO55: =하이퐁_DATA!AA55 -> 0 | AP55: =하이퐁_DATA!AB55 -> 0 | AQ55: =IFERROR(1+(AP55-AO55)/IF(AO55<0,-AO55,AO55),"") | AR55: =하이퐁_DATA!AC55 -> 0 | AS55: =IFERROR(1+(AP55-AR55)/IF(AR55<0,-AR55,AR55),"") | AT55: =하이퐁_DATA!AD55 -> 0 | AU55: =하이퐁_DATA!AE55 -> 0 | AV55: =IFERROR(1+(AU55-AT55)/IF(AT55<0,-AT55,AT55),"") | AW55: =하이퐁_DATA!AF55 -> 0 | AX55: =IFERROR(1+(AU55-AW55)/IF(AW55<0,-AW55,AW55),"") | AY55: =하이퐁_DATA!AG55 -> 0 | AZ55: =하이퐁_DATA!AH55 -> 0 | BA55: =IFERROR(1+(AZ55-AY55)/IF(AY55<0,-AY55,AY55),"") | BB55: =하이퐁_DATA!AI55 -> 0 | BC55: =IFERROR(1+(AZ55-BB55)/IF(BB55<0,-BB55,BB55),"") | BD55: =하이퐁_DATA!AJ55 -> 0 | BE55: =하이퐁_DATA!AK55 -> 0 | BF55: =IFERROR(1+(BE55-BD55)/IF(BD55<0,-BD55,BD55),"") | BG55: =하이퐁_DATA!AL55 -> 0 | BH55: =IFERROR(1+(BE55-BG55)/IF(BG55<0,-BG55,BG55),"") | BI55: =하이퐁_DATA!AM55 -> 0 | BJ55: =하이퐁_DATA!AN55 -> 0 | BK55: =IFERROR(1+(BJ55-BI55)/IF(BI55<0,-BI55,BI55),"") | BL55: =하이퐁_DATA!AO55 -> 0 | BM55: =IFERROR(1+(BJ55-BL55)/IF(BL55<0,-BL55,BL55),"") | BN55: =하이퐁_DATA!AP55 -> 0 | BO55: =하이퐁_DATA!AQ55 -> 0 | BP55: =IFERROR(1+(BO55-BN55)/IF(BN55<0,-BN55,BN55),"") | BQ55: =하이퐁_DATA!AR55 -> 0 | BR55: =IFERROR(1+(BO55-BQ55)/IF(BQ55<0,-BQ55,BQ55),"")
E56: 호성투어(멤버) | F56: =K56+P56+U56+Z56+AE56+AJ56+AO56+AT56+AY56+BD56+BI56+BN56 -> 0 | G56: =L56+Q56+V56+AA56+AF56+AK56+AP56+AU56+AZ56+BE56+BK56+BO56 -> #VALUE! | H56: =IFERROR(1+(G56-F56)/IF(F56<0,-F56,F56),"") | I56: =N56+S56+X56+AC56+AH56+AM56+AR56+AW56+BB56+BG56+BM56+BQ56 -> #VALUE! | J56: =IFERROR(1+(G56-I56)/IF(I56<0,-I56,I56),"") | K56: =하이퐁_DATA!I56 -> 0 | L56: =하이퐁_DATA!J56 -> 0 | M56: =IFERROR(1+(L56-K56)/IF(K56<0,-K56,K56),"") | N56: =하이퐁_DATA!K56 -> 0 | O56: =IFERROR(1+(L56-N56)/IF(N56<0,-N56,N56),"") | P56: =하이퐁_DATA!L56 -> 0 | Q56: =하이퐁_DATA!M56 -> 0 | R56: =IFERROR(1+(Q56-P56)/IF(P56<0,-P56,P56),"") | S56: =하이퐁_DATA!N56 -> 0 | T56: =IFERROR(1+(Q56-S56)/IF(S56<0,-S56,S56),"") | U56: =하이퐁_DATA!O56 -> 0 | V56: =하이퐁_DATA!P56 -> 0 | W56: =IFERROR(1+(V56-U56)/IF(U56<0,-U56,U56),"") | X56: =하이퐁_DATA!Q56 -> 1.5291136 | Y56: =IFERROR(1+(V56-X56)/IF(X56<0,-X56,X56),"") -> 0 | Z56: =하이퐁_DATA!R56 -> 0 | AA56: =하이퐁_DATA!S56 -> 0 | AB56: =IFERROR(1+(AA56-Z56)/IF(Z56<0,-Z56,Z56),"") | AC56: =하이퐁_DATA!T56 -> 0 | AD56: =IFERROR(1+(AA56-AC56)/IF(AC56<0,-AC56,AC56),"") | AE56: =하이퐁_DATA!U56 -> 0 | AF56: =하이퐁_DATA!V56 -> 0 | AG56: =IFERROR(1+(AF56-AE56)/IF(AE56<0,-AE56,AE56),"") | AH56: =하이퐁_DATA!W56 -> 0 | AI56: =IFERROR(1+(AF56-AH56)/IF(AH56<0,-AH56,AH56),"") | AJ56: =하이퐁_DATA!X56 -> 0 | AK56: =하이퐁_DATA!Y56 -> 0 | AL56: =IFERROR(1+(AK56-AJ56)/IF(AJ56<0,-AJ56,AJ56),"") | AM56: =하이퐁_DATA!Z56 -> 0 | AN56: =IFERROR(1+(AK56-AM56)/IF(AM56<0,-AM56,AM56),"") | AO56: =하이퐁_DATA!AA56 -> 0 | AP56: =하이퐁_DATA!AB56 -> 0 | AQ56: =IFERROR(1+(AP56-AO56)/IF(AO56<0,-AO56,AO56),"") | AR56: =하이퐁_DATA!AC56 -> 0 | AS56: =IFERROR(1+(AP56-AR56)/IF(AR56<0,-AR56,AR56),"") | AT56: =하이퐁_DATA!AD56 -> 0 | AU56: =하이퐁_DATA!AE56 -> 0 | AV56: =IFERROR(1+(AU56-AT56)/IF(AT56<0,-AT56,AT56),"") | AW56: =하이퐁_DATA!AF56 -> 2.0636818 | AX56: =IFERROR(1+(AU56-AW56)/IF(AW56<0,-AW56,AW56),"") -> 0 | AY56: =하이퐁_DATA!AG56 -> 0 | AZ56: =하이퐁_DATA!AH56 -> 0 | BA56: =IFERROR(1+(AZ56-AY56)/IF(AY56<0,-AY56,AY56),"") | BB56: =하이퐁_DATA!AI56 -> 0.23827654 | BC56: =IFERROR(1+(AZ56-BB56)/IF(BB56<0,-BB56,BB56),"") -> 0 | BD56: =하이퐁_DATA!AJ56 -> 0 | BE56: =하이퐁_DATA!AK56 -> 0 | BF56: =IFERROR(1+(BE56-BD56)/IF(BD56<0,-BD56,BD56),"") | BG56: =하이퐁_DATA!AL56 -> 0.66717426 | BH56: =IFERROR(1+(BE56-BG56)/IF(BG56<0,-BG56,BG56),"") -> 0 | BI56: =하이퐁_DATA!AM56 -> 0 | BJ56: =하이퐁_DATA!AN56 -> 0 | BK56: =IFERROR(1+(BJ56-BI56)/IF(BI56<0,-BI56,BI56),"") | BL56: =하이퐁_DATA!AO56 -> 0 | BM56: =IFERROR(1+(BJ56-BL56)/IF(BL56<0,-BL56,BL56),"") | BN56: =하이퐁_DATA!AP56 -> 0 | BO56: =하이퐁_DATA!AQ56 -> 0 | BP56: =IFERROR(1+(BO56-BN56)/IF(BN56<0,-BN56,BN56),"") | BQ56: =하이퐁_DATA!AR56 -> 0 | BR56: =IFERROR(1+(BO56-BQ56)/IF(BQ56<0,-BQ56,BQ56),"")
E57: SONO멤버(현지) | F57: =K57+P57+U57+Z57+AE57+AJ57+AO57+AT57+AY57+BD57+BI57+BN57 -> 0 | G57: =L57+Q57+V57+AA57+AF57+AK57+AP57+AU57+AZ57+BE57+BK57+BO57 -> #VALUE! | H57: =IFERROR(1+(G57-F57)/IF(F57<0,-F57,F57),"") | I57: =N57+S57+X57+AC57+AH57+AM57+AR57+AW57+BB57+BG57+BM57+BQ57 -> 40.652045 | J57: =IFERROR(1+(G57-I57)/IF(I57<0,-I57,I57),"") | K57: =하이퐁_DATA!I57 -> 0 | L57: =하이퐁_DATA!J57 -> 8.3779091 | M57: =IFERROR(1+(L57-K57)/IF(K57<0,-K57,K57),"") | N57: =하이퐁_DATA!K57 -> 3.6425227 | O57: =IFERROR(1+(L57-N57)/IF(N57<0,-N57,N57),"") -> 2.3000293 | P57: =하이퐁_DATA!L57 -> 0 | Q57: =하이퐁_DATA!M57 -> 5.7937727 | R57: =IFERROR(1+(Q57-P57)/IF(P57<0,-P57,P57),"") | S57: =하이퐁_DATA!N57 -> 3.7171136 | T57: =IFERROR(1+(Q57-S57)/IF(S57<0,-S57,S57),"") -> 1.5586752 | U57: =하이퐁_DATA!O57 -> 0 | V57: =하이퐁_DATA!P57 -> 5.6619924 | W57: =IFERROR(1+(V57-U57)/IF(U57<0,-U57,U57),"") | X57: =하이퐁_DATA!Q57 -> 3.6052273 | Y57: =IFERROR(1+(V57-X57)/IF(X57<0,-X57,X57),"") -> 1.5704953 | Z57: =하이퐁_DATA!R57 -> 0 | AA57: =하이퐁_DATA!S57 -> 0.24773863 | AB57: =IFERROR(1+(AA57-Z57)/IF(Z57<0,-Z57,Z57),"") | AC57: =하이퐁_DATA!T57 -> 0.53871213 | AD57: =IFERROR(1+(AA57-AC57)/IF(AC57<0,-AC57,AC57),"") -> 0.459872 | AE57: =하이퐁_DATA!U57 -> 0 | AF57: =하이퐁_DATA!V57 -> 0 | AG57: =IFERROR(1+(AF57-AE57)/IF(AE57<0,-AE57,AE57),"") | AH57: =하이퐁_DATA!W57 -> 5.0141667 | AI57: =IFERROR(1+(AF57-AH57)/IF(AH57<0,-AH57,AH57),"") -> 0 | AJ57: =하이퐁_DATA!X57 -> 0 | AK57: =하이퐁_DATA!Y57 -> 0 | AL57: =IFERROR(1+(AK57-AJ57)/IF(AJ57<0,-AJ57,AJ57),"") | AM57: =하이퐁_DATA!Z57 -> 2.4034849 | AN57: =IFERROR(1+(AK57-AM57)/IF(AM57<0,-AM57,AM57),"") -> 0 | AO57: =하이퐁_DATA!AA57 -> 0 | AP57: =하이퐁_DATA!AB57 -> 0 | AQ57: =IFERROR(1+(AP57-AO57)/IF(AO57<0,-AO57,AO57),"") | AR57: =하이퐁_DATA!AC57 -> 2.3413257 | AS57: =IFERROR(1+(AP57-AR57)/IF(AR57<0,-AR57,AR57),"") -> 0 | AT57: =하이퐁_DATA!AD57 -> 0 | AU57: =하이퐁_DATA!AE57 -> 0 | AV57: =IFERROR(1+(AU57-AT57)/IF(AT57<0,-AT57,AT57),"") | AW57: =하이퐁_DATA!AF57 -> 2.328894 | AX57: =IFERROR(1+(AU57-AW57)/IF(AW57<0,-AW57,AW57),"") -> 0 | AY57: =하이퐁_DATA!AG57 -> 0 | AZ57: =하이퐁_DATA!AH57 -> 0 | BA57: =IFERROR(1+(AZ57-AY57)/IF(AY57<0,-AY57,AY57),"") | BB57: =하이퐁_DATA!AI57 -> 2.4946515 | BC57: =IFERROR(1+(AZ57-BB57)/IF(BB57<0,-BB57,BB57),"") -> 0 | BD57: =하이퐁_DATA!AJ57 -> 0 | BE57: =하이퐁_DATA!AK57 -> 0 | BF57: =IFERROR(1+(BE57-BD57)/IF(BD57<0,-BD57,BD57),"") | BG57: =하이퐁_DATA!AL57 -> 4.1978106 | BH57: =IFERROR(1+(BE57-BG57)/IF(BG57<0,-BG57,BG57),"") -> 0 | BI57: =하이퐁_DATA!AM57 -> 0 | BJ57: =하이퐁_DATA!AN57 -> 0 | BK57: =IFERROR(1+(BJ57-BI57)/IF(BI57<0,-BI57,BI57),"") | BL57: =하이퐁_DATA!AO57 -> 1.7963977 | BM57: =IFERROR(1+(BJ57-BL57)/IF(BL57<0,-BL57,BL57),"") -> 0 | BN57: =하이퐁_DATA!AP57 -> 0 | BO57: =하이퐁_DATA!AQ57 -> 0 | BP57: =IFERROR(1+(BO57-BN57)/IF(BN57<0,-BN57,BN57),"") | BQ57: =하이퐁_DATA!AR57 -> 10.368136 | BR57: =IFERROR(1+(BO57-BQ57)/IF(BQ57<0,-BQ57,BQ57),"") -> 0
E58: 현대그룹 | F58: =K58+P58+U58+Z58+AE58+AJ58+AO58+AT58+AY58+BD58+BI58+BN58 -> 0 | G58: =L58+Q58+V58+AA58+AF58+AK58+AP58+AU58+AZ58+BE58+BK58+BO58 -> #VALUE! | H58: =IFERROR(1+(G58-F58)/IF(F58<0,-F58,F58),"") | I58: =N58+S58+X58+AC58+AH58+AM58+AR58+AW58+BB58+BG58+BM58+BQ58 -> #VALUE! | J58: =IFERROR(1+(G58-I58)/IF(I58<0,-I58,I58),"") | K58: =하이퐁_DATA!I58 -> 0 | L58: =하이퐁_DATA!J58 -> 0.7645 | M58: =IFERROR(1+(L58-K58)/IF(K58<0,-K58,K58),"") | N58: =하이퐁_DATA!K58 -> 0.10359846 | O58: =IFERROR(1+(L58-N58)/IF(N58<0,-N58,N58),"") -> 7.3794531 | P58: =하이퐁_DATA!L58 -> 0 | Q58: =하이퐁_DATA!M58 -> 0.96036362 | R58: =IFERROR(1+(Q58-P58)/IF(P58<0,-P58,P58),"") | S58: =하이퐁_DATA!N58 -> 0.12431817 | T58: =IFERROR(1+(Q58-S58)/IF(S58<0,-S58,S58),"") -> 7.7250465 | U58: =하이퐁_DATA!O58 -> 0 | V58: =하이퐁_DATA!P58 -> 0 | W58: =IFERROR(1+(V58-U58)/IF(U58<0,-U58,U58),"") | X58: =하이퐁_DATA!Q58 -> 0.20719698 | Y58: =IFERROR(1+(V58-X58)/IF(X58<0,-X58,X58),"") -> 0 | Z58: =하이퐁_DATA!R58 -> 0 | AA58: =하이퐁_DATA!S58 -> 0 | AB58: =IFERROR(1+(AA58-Z58)/IF(Z58<0,-Z58,Z58),"") | AC58: =하이퐁_DATA!T58 -> 0.84950757 | AD58: =IFERROR(1+(AA58-AC58)/IF(AC58<0,-AC58,AC58),"") -> 0 | AE58: =하이퐁_DATA!U58 -> 0 | AF58: =하이퐁_DATA!V58 -> 0 | AG58: =IFERROR(1+(AF58-AE58)/IF(AE58<0,-AE58,AE58),"") | AH58: =하이퐁_DATA!W58 -> 0.5946553 | AI58: =IFERROR(1+(AF58-AH58)/IF(AH58<0,-AH58,AH58),"") -> 0 | AJ58: =하이퐁_DATA!X58 -> 0 | AK58: =하이퐁_DATA!Y58 -> 0 | AL58: =IFERROR(1+(AK58-AJ58)/IF(AJ58<0,-AJ58,AJ58),"") | AM58: =하이퐁_DATA!Z58 -> 2.0388182 | AN58: =IFERROR(1+(AK58-AM58)/IF(AM58<0,-AM58,AM58),"") -> 0 | AO58: =하이퐁_DATA!AA58 -> 0 | AP58: =하이퐁_DATA!AB58 -> 0 | AQ58: =IFERROR(1+(AP58-AO58)/IF(AO58<0,-AO58,AO58),"") | AR58: =하이퐁_DATA!AC58 -> 0.33980302 | AS58: =IFERROR(1+(AP58-AR58)/IF(AR58<0,-AR58,AR58),"") -> 0 | AT58: =하이퐁_DATA!AD58 -> 0 | AU58: =하이퐁_DATA!AE58 -> 0 | AV58: =IFERROR(1+(AU58-AT58)/IF(AT58<0,-AT58,AT58),"") | AW58: =하이퐁_DATA!AF58 -> 0.49520074 | AX58: =IFERROR(1+(AU58-AW58)/IF(AW58<0,-AW58,AW58),"") -> 0 | AY58: =하이퐁_DATA!AG58 -> 0 | AZ58: =하이퐁_DATA!AH58 -> 0 | BA58: =IFERROR(1+(AZ58-AY58)/IF(AY58<0,-AY58,AY58),"") | BB58: =하이퐁_DATA!AI58 -> 1.6534318 | BC58: =IFERROR(1+(AZ58-BB58)/IF(BB58<0,-BB58,BB58),"") -> 0 | BD58: =하이퐁_DATA!AJ58 -> 0 | BE58: =하이퐁_DATA!AK58 -> 0 | BF58: =IFERROR(1+(BE58-BD58)/IF(BD58<0,-BD58,BD58),"") | BG58: =하이퐁_DATA!AL58 -> 0.25485228 | BH58: =IFERROR(1+(BE58-BG58)/IF(BG58<0,-BG58,BG58),"") -> 0 | BI58: =하이퐁_DATA!AM58 -> 0 | BJ58: =하이퐁_DATA!AN58 -> 0 | BK58: =IFERROR(1+(BJ58-BI58)/IF(BI58<0,-BI58,BI58),"") | BL58: =하이퐁_DATA!AO58 -> 0 | BM58: =IFERROR(1+(BJ58-BL58)/IF(BL58<0,-BL58,BL58),"") | BN58: =하이퐁_DATA!AP58 -> 0 | BO58: =하이퐁_DATA!AQ58 -> 0 | BP58: =IFERROR(1+(BO58-BN58)/IF(BN58<0,-BN58,BN58),"") | BQ58: =하이퐁_DATA!AR58 -> 1.3260606 | BR58: =IFERROR(1+(BO58-BQ58)/IF(BQ58<0,-BQ58,BQ58),"") -> 0
E59: 여행사(한국) | F59: =K59+P59+U59+Z59+AE59+AJ59+AO59+AT59+AY59+BD59+BI59+BN59 -> 877.30609 | G59: =L59+Q59+V59+AA59+AF59+AK59+AP59+AU59+AZ59+BE59+BK59+BO59 -> 259.77721 | H59: =IFERROR(1+(G59-F59)/IF(F59<0,-F59,F59),"") -> 0.29610784 | I59: =N59+S59+X59+AC59+AH59+AM59+AR59+AW59+BB59+BG59+BM59+BQ59 -> 489.86606 | J59: =IFERROR(1+(G59-I59)/IF(I59<0,-I59,I59),"") -> 0.53030254 | K59: =하이퐁_DATA!I59 -> 163.01067 | L59: =하이퐁_DATA!J59 -> 139.82431 | M59: =IFERROR(1+(L59-K59)/IF(K59<0,-K59,K59),"") -> 0.85776172 | N59: =하이퐁_DATA!K59 -> 172.65723 | O59: =IFERROR(1+(L59-N59)/IF(N59<0,-N59,N59),"") -> 0.80983755 | P59: =하이퐁_DATA!L59 -> 108.80536 | Q59: =하이퐁_DATA!M59 -> 72.157217 | R59: =IFERROR(1+(Q59-P59)/IF(P59<0,-P59,P59),"") -> 0.66317706 | S59: =하이퐁_DATA!N59 -> 95.595502 | T59: =IFERROR(1+(Q59-S59)/IF(S59<0,-S59,S59),"") -> 0.75481812 | U59: =하이퐁_DATA!O59 -> 78.3 | V59: =하이퐁_DATA!P59 -> 15.893598 | W59: =IFERROR(1+(V59-U59)/IF(U59<0,-U59,U59),"") -> 0.20298337 | X59: =하이퐁_DATA!Q59 -> 50.253553 | Y59: =IFERROR(1+(V59-X59)/IF(X59<0,-X59,X59),"") -> 0.31626815 | Z59: =하이퐁_DATA!R59 -> 23.4498 | AA59: =하이퐁_DATA!S59 -> 8.2818579 | AB59: =IFERROR(1+(AA59-Z59)/IF(Z59<0,-Z59,Z59),"") -> 0.35317393 | AC59: =하이퐁_DATA!T59 -> 19.710648 | AD59: =IFERROR(1+(AA59-AC59)/IF(AC59<0,-AC59,AC59),"") -> 0.42017178 | AE59: =하이퐁_DATA!U59 -> 24.313263 | AF59: =하이퐁_DATA!V59 -> 7.2560435 | AG59: =IFERROR(1+(AF59-AE59)/IF(AE59<0,-AE59,AE59),"") -> 0.29843972 | AH59: =하이퐁_DATA!W59 -> 24.726886 | AI59: =IFERROR(1+(AF59-AH59)/IF(AH59<0,-AH59,AH59),"") -> 0.29344752 | AJ59: =하이퐁_DATA!X59 -> 21.085235 | AK59: =하이퐁_DATA!Y59 -> 0.99497765 | AL59: =IFERROR(1+(AK59-AJ59)/IF(AJ59<0,-AJ59,AJ59),"") -> 0.047188359 | AM59: =하이퐁_DATA!Z59 -> 7.0430394 | AN59: =IFERROR(1+(AK59-AM59)/IF(AM59<0,-AM59,AM59),"") -> 0.14127106 | AO59: =하이퐁_DATA!AA59 -> 21.7404 | AP59: =하이퐁_DATA!AB59 -> 13.391532 | AQ59: =IFERROR(1+(AP59-AO59)/IF(AO59<0,-AO59,AO59),"") -> 0.6159745 | AR59: =하이퐁_DATA!AC59 -> 12.154174 | AS59: =IFERROR(1+(AP59-AR59)/IF(AR59<0,-AR59,AR59),"") -> 1.1018052 | AT59: =하이퐁_DATA!AD59 -> 23.797895 | AU59: =하이퐁_DATA!AE59 -> 1.9776742 | AV59: =IFERROR(1+(AU59-AT59)/IF(AT59<0,-AT59,AT59),"") -> 0.083102907 | AW59: =하이퐁_DATA!AF59 -> 7.6033001 | AX59: =IFERROR(1+(AU59-AW59)/IF(AW59<0,-AW59,AW59),"") -> 0.26010735 | AY59: =하이퐁_DATA!AG59 -> 39.725373 | AZ59: =하이퐁_DATA!AH59 -> 0 | BA59: =IFERROR(1+(AZ59-AY59)/IF(AY59<0,-AY59,AY59),"") -> 0 | BB59: =하이퐁_DATA!AI59 -> 10.264538 | BC59: =IFERROR(1+(AZ59-BB59)/IF(BB59<0,-BB59,BB59),"") -> 0 | BD59: =하이퐁_DATA!AJ59 -> 62.835466 | BE59: =하이퐁_DATA!AK59 -> 0 | BF59: =IFERROR(1+(BE59-BD59)/IF(BD59<0,-BD59,BD59),"") -> 0 | BG59: =하이퐁_DATA!AL59 -> 26.877591 | BH59: =IFERROR(1+(BE59-BG59)/IF(BG59<0,-BG59,BG59),"") -> 0 | BI59: =하이퐁_DATA!AM59 -> 123.16441 | BJ59: =하이퐁_DATA!AN59 -> 0 | BK59: =IFERROR(1+(BJ59-BI59)/IF(BI59<0,-BI59,BI59),"") -> 0 | BL59: =하이퐁_DATA!AO59 -> 41.062295 | BM59: =IFERROR(1+(BJ59-BL59)/IF(BL59<0,-BL59,BL59),"") -> 0 | BN59: =하이퐁_DATA!AP59 -> 187.07822 | BO59: =하이퐁_DATA!AQ59 -> 0 | BP59: =IFERROR(1+(BO59-BN59)/IF(BN59<0,-BN59,BN59),"") -> 0 | BQ59: =하이퐁_DATA!AR59 -> 62.979591 | BR59: =IFERROR(1+(BO59-BQ59)/IF(BQ59<0,-BQ59,BQ59),"") -> 0
E60: 전략여행사 | F60: =K60+P60+U60+Z60+AE60+AJ60+AO60+AT60+AY60+BD60+BI60+BN60 -> 579.54015 | G60: =L60+Q60+V60+AA60+AF60+AK60+AP60+AU60+AZ60+BE60+BK60+BO60 -> 158.42052 | H60: =IFERROR(1+(G60-F60)/IF(F60<0,-F60,F60),"") -> 0.27335555 | I60: =N60+S60+X60+AC60+AH60+AM60+AR60+AW60+BB60+BG60+BM60+BQ60 -> 264.67134 | J60: =IFERROR(1+(G60-I60)/IF(I60<0,-I60,I60),"") -> 0.59855563 | K60: =하이퐁_DATA!I60 -> 111.00727 | L60: =하이퐁_DATA!J60 -> 87.595273 | M60: =IFERROR(1+(L60-K60)/IF(K60<0,-K60,K60),"") -> 0.78909495 | N60: =하이퐁_DATA!K60 -> 72.216432 | O60: =IFERROR(1+(L60-N60)/IF(N60<0,-N60,N60),"") -> 1.2129549 | P60: =하이퐁_DATA!L60 -> 72.869643 | Q60: =하이퐁_DATA!M60 -> 35.661503 | R60: =IFERROR(1+(Q60-P60)/IF(P60<0,-P60,P60),"") -> 0.48938765 | S60: =하이퐁_DATA!N60 -> 40.380617 | T60: =IFERROR(1+(Q60-S60)/IF(S60<0,-S60,S60),"") -> 0.88313417 | U60: =하이퐁_DATA!O60 -> 53.203846 | V60: =하이퐁_DATA!P60 -> 8.6359148 | W60: =IFERROR(1+(V60-U60)/IF(U60<0,-U60,U60),"") -> 0.16231749 | X60: =하이퐁_DATA!Q60 -> 36.325773 | Y60: =IFERROR(1+(V60-X60)/IF(X60<0,-X60,X60),"") -> 0.2377352 | Z60: =하이퐁_DATA!R60 -> 15.6332 | AA60: =하이퐁_DATA!S60 -> 2.9742753 | AB60: =IFERROR(1+(AA60-Z60)/IF(Z60<0,-Z60,Z60),"") -> 0.19025377 | AC60: =하이퐁_DATA!T60 -> 13.977508 | AD60: =IFERROR(1+(AA60-AC60)/IF(AC60<0,-AC60,AC60),"") -> 0.2127901 | AE60: =하이퐁_DATA!U60 -> 15.195789 | AF60: =하이퐁_DATA!V60 -> 7.1893682 | AG60: =IFERROR(1+(AF60-AE60)/IF(AE60<0,-AE60,AE60),"") -> 0.4731158 | AH60: =하이퐁_DATA!W60 -> 20.096034 | AI60: =IFERROR(1+(AF60-AH60)/IF(AH60<0,-AH60,AH60),"") -> 0.3577506 | AJ60: =하이퐁_DATA!X60 -> 14.056824 | AK60: =하이퐁_DATA!Y60 -> 0.99497765 | AL60: =IFERROR(1+(AK60-AJ60)/IF(AJ60<0,-AJ60,AJ60),"") -> 0.070782538 | AM60: =하이퐁_DATA!Z60 -> 3.756481 | AN60: =IFERROR(1+(AK60-AM60)/IF(AM60<0,-AM60,AM60),"") -> 0.26486961 | AO60: =하이퐁_DATA!AA60 -> 13.8348 | AP60: =하이퐁_DATA!AB60 -> 13.391532 | AQ60: =IFERROR(1+(AP60-AO60)/IF(AO60<0,-AO60,AO60),"") -> 0.96795993 | AR60: =하이퐁_DATA!AC60 -> 6.6075114 | AS60: =IFERROR(1+(AP60-AR60)/IF(AR60<0,-AR60,AR60),"") -> 2.0267134 | AT60: =하이퐁_DATA!AD60 -> 14.873684 | AU60: =하이퐁_DATA!AE60 -> 1.9776742 | AV60: =IFERROR(1+(AU60-AT60)/IF(AT60<0,-AT60,AT60),"") -> 0.13296465 | AW60: =하이퐁_DATA!AF60 -> 5.9589849 | AX60: =IFERROR(1+(AU60-AW60)/IF(AW60<0,-AW60,AW60),"") -> 0.33188107 | AY60: =하이퐁_DATA!AG60 -> 26.814627 | AZ60: =하이퐁_DATA!AH60 -> 0 | BA60: =IFERROR(1+(AZ60-AY60)/IF(AY60<0,-AY60,AY60),"") -> 0 | BB60: =하이퐁_DATA!AI60 -> 6.2842841 | BC60: =IFERROR(1+(AZ60-BB60)/IF(BB60<0,-BB60,BB60),"") -> 0 | BD60: =하이퐁_DATA!AJ60 -> 40.892922 | BE60: =하이퐁_DATA!AK60 -> 0 | BF60: =IFERROR(1+(BE60-BD60)/IF(BD60<0,-BD60,BD60),"") -> 0 | BG60: =하이퐁_DATA!AL60 -> 14.441629 | BH60: =IFERROR(1+(BE60-BG60)/IF(BG60<0,-BG60,BG60),"") -> 0 | BI60: =하이퐁_DATA!AM60 -> 80.106931 | BJ60: =하이퐁_DATA!AN60 -> 0 | BK60: =IFERROR(1+(BJ60-BI60)/IF(BI60<0,-BI60,BI60),"") -> 0 | BL60: =하이퐁_DATA!AO60 -> 21.710099 | BM60: =IFERROR(1+(BJ60-BL60)/IF(BL60<0,-BL60,BL60),"") -> 0 | BN60: =하이퐁_DATA!AP60 -> 121.05061 | BO60: =하이퐁_DATA!AQ60 -> 0 | BP60: =IFERROR(1+(BO60-BN60)/IF(BN60<0,-BN60,BN60),"") -> 0 | BQ60: =하이퐁_DATA!AR60 -> 44.626083 | BR60: =IFERROR(1+(BO60-BQ60)/IF(BQ60<0,-BQ60,BQ60),"") -> 0
E61: EDISON | F61: =K61+P61+U61+Z61+AE61+AJ61+AO61+AT61+AY61+BD61+BI61+BN61 -> 387.71705 | G61: =L61+Q61+V61+AA61+AF61+AK61+AP61+AU61+AZ61+BE61+BK61+BO61 -> 84.361732 | H61: =IFERROR(1+(G61-F61)/IF(F61<0,-F61,F61),"") -> 0.21758582 | I61: =N61+S61+X61+AC61+AH61+AM61+AR61+AW61+BB61+BG61+BM61+BQ61 -> 143.59993 | J61: =IFERROR(1+(G61-I61)/IF(I61<0,-I61,I61),"") -> 0.58747752 | K61: =하이퐁_DATA!I61 -> 70.004582 | L61: =하이퐁_DATA!J61 -> 53.224364 | M61: =IFERROR(1+(L61-K61)/IF(K61<0,-K61,K61),"") -> 0.76029829 | N61: =하이퐁_DATA!K61 -> 30.234182 | O61: =IFERROR(1+(L61-N61)/IF(N61<0,-N61,N61),"") -> 1.7604036 | P61: =하이퐁_DATA!L61 -> 49.910714 | Q61: =하이퐁_DATA!M61 -> 20.426261 | R61: =IFERROR(1+(Q61-P61)/IF(P61<0,-P61,P61),"") -> 0.40925603 | S61: =하이퐁_DATA!N61 -> 18.550345 | T61: =IFERROR(1+(Q61-S61)/IF(S61<0,-S61,S61),"") -> 1.1011257 | U61: =하이퐁_DATA!O61 -> 35.134615 | V61: =하이퐁_DATA!P61 -> 8.6359148 | W61: =IFERROR(1+(V61-U61)/IF(U61<0,-U61,U61),"") -> 0.24579506 | X61: =하이퐁_DATA!Q61 -> 15.788409 | Y61: =IFERROR(1+(V61-X61)/IF(X61<0,-X61,X61),"") -> 0.54697815 | Z61: =하이퐁_DATA!R61 -> 9.77075 | AA61: =하이퐁_DATA!S61 -> 0 | AB61: =IFERROR(1+(AA61-Z61)/IF(Z61<0,-Z61,Z61),"") -> 0 | AC61: =하이퐁_DATA!T61 -> 9.713394 | AD61: =IFERROR(1+(AA61-AC61)/IF(AC61<0,-AC61,AC61),"") -> 0 | AE61: =하이퐁_DATA!U61 -> 10.130526 | AF61: =하이퐁_DATA!V61 -> 1.0802157 | AG61: =IFERROR(1+(AF61-AE61)/IF(AE61<0,-AE61,AE61),"") -> 0.10662977 | AH61: =하이퐁_DATA!W61 -> 12.270205 | AI61: =IFERROR(1+(AF61-AH61)/IF(AH61<0,-AH61,AH61),"") -> 0.088035675 | AJ61: =하이퐁_DATA!X61 -> 10.040588 | AK61: =하이퐁_DATA!Y61 -> 0.99497765 | AL61: =IFERROR(1+(AK61-AJ61)/IF(AJ61<0,-AJ61,AJ61),"") -> 0.099095554 | AM61: =하이퐁_DATA!Z61 -> 1.3923636 | AN61: =IFERROR(1+(AK61-AM61)/IF(AM61<0,-AM61,AM61),"") -> 0.71459613 | AO61: =하이퐁_DATA!AA61 -> 9.882 | AP61: =하이퐁_DATA!AB61 -> 0 | AQ61: =IFERROR(1+(AP61-AO61)/IF(AO61<0,-AO61,AO61),"") -> 0 | AR61: =하이퐁_DATA!AC61 -> 0.53042426 | AS61: =IFERROR(1+(AP61-AR61)/IF(AR61<0,-AR61,AR61),"") -> 0 | AT61: =하이퐁_DATA!AD61 -> 10.907368 | AU61: =하이퐁_DATA!AE61 -> 0 | AV61: =IFERROR(1+(AU61-AT61)/IF(AT61<0,-AT61,AT61),"") -> 0 | AW61: =하이퐁_DATA!AF61 -> 3.8870151 | AX61: =IFERROR(1+(AU61-AW61)/IF(AW61<0,-AW61,AW61),"") -> 0 | AY61: =하이퐁_DATA!AG61 -> 15.890149 | AZ61: =하이퐁_DATA!AH61 -> 0 | BA61: =IFERROR(1+(AZ61-AY61)/IF(AY61<0,-AY61,AY61),"") -> 0 | BB61: =하이퐁_DATA!AI61 -> 2.9649886 | BC61: =IFERROR(1+(AZ61-BB61)/IF(BB61<0,-BB61,BB61),"") -> 0 | BD61: =하이퐁_DATA!AJ61 -> 25.932097 | BE61: =하이퐁_DATA!AK61 -> 0 | BF61: =IFERROR(1+(BE61-BD61)/IF(BD61<0,-BD61,BD61),"") -> 0 | BG61: =하이퐁_DATA!AL61 -> 11.942833 | BH61: =IFERROR(1+(BE61-BG61)/IF(BG61<0,-BG61,BG61),"") -> 0 | BI61: =하이퐁_DATA!AM61 -> 60.080198 | BJ61: =하이퐁_DATA!AN61 -> 0 | BK61: =IFERROR(1+(BJ61-BI61)/IF(BI61<0,-BI61,BI61),"") -> 0 | BL61: =하이퐁_DATA!AO61 -> 18.287205 | BM61: =IFERROR(1+(BJ61-BL61)/IF(BL61<0,-BL61,BL61),"") -> 0 | BN61: =하이퐁_DATA!AP61 -> 80.033464 | BO61: =하이퐁_DATA!AQ61 -> 0 | BP61: =IFERROR(1+(BO61-BN61)/IF(BN61<0,-BN61,BN61),"") -> 0 | BQ61: =하이퐁_DATA!AR61 -> 36.325773 | BR61: =IFERROR(1+(BO61-BQ61)/IF(BQ61<0,-BQ61,BQ61),"") -> 0
... E73: Others | F73: =K73+P73+U73+Z73+AE73+AJ73+AO73+AT73+AY73+BD73+BI73+BN73 -> 34.985856 | G73: =L73+Q73+V73+AA73+AF73+AK73+AP73+AU73+AZ73+BE73+BK73+BO73 -> 26.546894 | H73: =IFERROR(1+(G73-F73)/IF(F73<0,-F73,F73),"") -> 0.75878932 | I73: =N73+S73+X73+AC73+AH73+AM73+AR73+AW73+BB73+BG73+BM73+BQ73 -> 15.906511 | J73: =IFERROR(1+(G73-I73)/IF(I73<0,-I73,I73),"") -> 1.6689325 | K73: =하이퐁_DATA!I73 -> 5.0003273 | L73: =하이퐁_DATA!J73 -> 10.677727 | M73: =IFERROR(1+(L73-K73)/IF(K73<0,-K73,K73),"") -> 2.1354057 | N73: =하이퐁_DATA!K73 -> 7.1938788 | O73: =IFERROR(1+(L73-N73)/IF(N73<0,-N73,N73),"") -> 1.4842796 | P73: =하이퐁_DATA!L73 -> 5.9892857 | Q73: =하이퐁_DATA!M73 -> 15.869167 | R73: =IFERROR(1+(Q73-P73)/IF(P73<0,-P73,P73),"") -> 2.6495925 | S73: =하이퐁_DATA!N73 -> 1.3592121 | T73: =IFERROR(1+(Q73-S73)/IF(S73<0,-S73,S73),"") -> 11.675269 | U73: =하이퐁_DATA!O73 -> 5.0192308 | V73: =하이퐁_DATA!P73 -> 0 | W73: =IFERROR(1+(V73-U73)/IF(U73<0,-U73,U73),"") -> 0 | X73: =하이퐁_DATA!Q73 -> 1.6534318 | Y73: =IFERROR(1+(V73-X73)/IF(X73<0,-X73,X73),"") -> 0 | Z73: =하이퐁_DATA!R73 -> 0 | AA73: =하이퐁_DATA!S73 -> 0 | AB73: =IFERROR(1+(AA73-Z73)/IF(Z73<0,-Z73,Z73),"") | AC73: =하이퐁_DATA!T73 -> 0 | AD73: =IFERROR(1+(AA73-AC73)/IF(AC73<0,-AC73,AC73),"") | AE73: =하이퐁_DATA!U73 -> 0 | AF73: =하이퐁_DATA!V73 -> 0 | AG73: =IFERROR(1+(AF73-AE73)/IF(AE73<0,-AE73,AE73),"") | AH73: =하이퐁_DATA!W73 -> 0 | AI73: =IFERROR(1+(AF73-AH73)/IF(AH73<0,-AH73,AH73),"") | AJ73: =하이퐁_DATA!X73 -> 0 | AK73: =하이퐁_DATA!Y73 -> 0 | AL73: =IFERROR(1+(AK73-AJ73)/IF(AJ73<0,-AJ73,AJ73),"") | AM73: =하이퐁_DATA!Z73 -> 0 | AN73: =IFERROR(1+(AK73-AM73)/IF(AM73<0,-AM73,AM73),"") | AO73: =하이퐁_DATA!AA73 -> 0 | AP73: =하이퐁_DATA!AB73 -> 0 | AQ73: =IFERROR(1+(AP73-AO73)/IF(AO73<0,-AO73,AO73),"") | AR73: =하이퐁_DATA!AC73 -> 0 | AS73: =IFERROR(1+(AP73-AR73)/IF(AR73<0,-AR73,AR73),"") | AT73: =하이퐁_DATA!AD73 -> 0.99157895 | AU73: =하이퐁_DATA!AE73 -> 0 | AV73: =IFERROR(1+(AU73-AT73)/IF(AT73<0,-AT73,AT73),"") -> 0 | AW73: =하이퐁_DATA!AF73 -> 0 | AX73: =IFERROR(1+(AU73-AW73)/IF(AW73<0,-AW73,AW73),"") | AY73: =하이퐁_DATA!AG73 -> 1.9862687 | AZ73: =하이퐁_DATA!AH73 -> 0 | BA73: =IFERROR(1+(AZ73-AY73)/IF(AY73<0,-AY73,AY73),"") -> 0 | BB73: =하이퐁_DATA!AI73 -> 0 | BC73: =IFERROR(1+(AZ73-BB73)/IF(BB73<0,-BB73,BB73),"") | BD73: =하이퐁_DATA!AJ73 -> 3.9895534 | BE73: =하이퐁_DATA!AK73 -> 0 | BF73: =IFERROR(1+(BE73-BD73)/IF(BD73<0,-BD73,BD73),"") -> 0 | BG73: =하이퐁_DATA!AL73 -> 0 | BH73: =IFERROR(1+(BE73-BG73)/IF(BG73<0,-BG73,BG73),"") | BI73: =하이퐁_DATA!AM73 -> 5.0066832 | BJ73: =하이퐁_DATA!AN73 -> 0 | BK73: =IFERROR(1+(BJ73-BI73)/IF(BI73<0,-BI73,BI73),"") -> 0 | BL73: =하이퐁_DATA!AO73 -> 0.81014015 | BM73: =IFERROR(1+(BJ73-BL73)/IF(BL73<0,-BL73,BL73),"") -> 0 | BN73: =하이퐁_DATA!AP73 -> 7.0029281 | BO73: =하이퐁_DATA!AQ73 -> 0 | BP73: =IFERROR(1+(BO73-BN73)/IF(BN73<0,-BN73,BN73),"") -> 0 | BQ73: =하이퐁_DATA!AR73 -> 5.6999887 | BR73: =IFERROR(1+(BO73-BQ73)/IF(BQ73<0,-BQ73,BQ73),"") -> 0
E74: ACADEMY(전지훈련) | F74: =K74+P74+U74+Z74+AE74+AJ74+AO74+AT74+AY74+BD74+BI74+BN74 -> 0 | G74: =L74+Q74+V74+AA74+AF74+AK74+AP74+AU74+AZ74+BE74+BK74+BO74 -> #VALUE! | H74: =IFERROR(1+(G74-F74)/IF(F74<0,-F74,F74),"") | I74: =N74+S74+X74+AC74+AH74+AM74+AR74+AW74+BB74+BG74+BM74+BQ74 -> #VALUE! | J74: =IFERROR(1+(G74-I74)/IF(I74<0,-I74,I74),"") | M74: =IFERROR(1+(L74-K74)/IF(K74<0,-K74,K74),"") | O74: =IFERROR(1+(L74-N74)/IF(N74<0,-N74,N74),"") | R74: =IFERROR(1+(Q74-P74)/IF(P74<0,-P74,P74),"") | T74: =IFERROR(1+(Q74-S74)/IF(S74<0,-S74,S74),"") | W74: =IFERROR(1+(V74-U74)/IF(U74<0,-U74,U74),"") | Y74: =IFERROR(1+(V74-X74)/IF(X74<0,-X74,X74),"") | AB74: =IFERROR(1+(AA74-Z74)/IF(Z74<0,-Z74,Z74),"") | AD74: =IFERROR(1+(AA74-AC74)/IF(AC74<0,-AC74,AC74),"") | AG74: =IFERROR(1+(AF74-AE74)/IF(AE74<0,-AE74,AE74),"") | AI74: =IFERROR(1+(AF74-AH74)/IF(AH74<0,-AH74,AH74),"") | AL74: =IFERROR(1+(AK74-AJ74)/IF(AJ74<0,-AJ74,AJ74),"") | AN74: =IFERROR(1+(AK74-AM74)/IF(AM74<0,-AM74,AM74),"") | AQ74: =IFERROR(1+(AP74-AO74)/IF(AO74<0,-AO74,AO74),"") | AS74: =IFERROR(1+(AP74-AR74)/IF(AR74<0,-AR74,AR74),"") | AV74: =IFERROR(1+(AU74-AT74)/IF(AT74<0,-AT74,AT74),"") | AX74: =IFERROR(1+(AU74-AW74)/IF(AW74<0,-AW74,AW74),"") | BA74: =IFERROR(1+(AZ74-AY74)/IF(AY74<0,-AY74,AY74),"") | BC74: =IFERROR(1+(AZ74-BB74)/IF(BB74<0,-BB74,BB74),"") | BF74: =IFERROR(1+(BE74-BD74)/IF(BD74<0,-BD74,BD74),"") | BH74: =IFERROR(1+(BE74-BG74)/IF(BG74<0,-BG74,BG74),"") | BK74: =IFERROR(1+(BJ74-BI74)/IF(BI74<0,-BI74,BI74),"") | BM74: =IFERROR(1+(BJ74-BL74)/IF(BL74<0,-BL74,BL74),"") | BP74: =IFERROR(1+(BO74-BN74)/IF(BN74<0,-BN74,BN74),"") | BR74: =IFERROR(1+(BO74-BQ74)/IF(BQ74<0,-BQ74,BQ74),"")
F75: =K75+P75+U75+Z75+AE75+AJ75+AO75+AT75+AY75+BD75+BI75+BN75 -> 0 | G75: =L75+Q75+V75+AA75+AF75+AK75+AP75+AU75+AZ75+BE75+BK75+BO75 -> #VALUE! | H75: =IFERROR(1+(G75-F75)/IF(F75<0,-F75,F75),"") | I75: =N75+S75+X75+AC75+AH75+AM75+AR75+AW75+BB75+BG75+BM75+BQ75 -> #VALUE! | J75: =IFERROR(1+(G75-I75)/IF(I75<0,-I75,I75),"") | M75: =IFERROR(1+(L75-K75)/IF(K75<0,-K75,K75),"") | O75: =IFERROR(1+(L75-N75)/IF(N75<0,-N75,N75),"") | R75: =IFERROR(1+(Q75-P75)/IF(P75<0,-P75,P75),"") | T75: =IFERROR(1+(Q75-S75)/IF(S75<0,-S75,S75),"") | W75: =IFERROR(1+(V75-U75)/IF(U75<0,-U75,U75),"") | Y75: =IFERROR(1+(V75-X75)/IF(X75<0,-X75,X75),"") | AB75: =IFERROR(1+(AA75-Z75)/IF(Z75<0,-Z75,Z75),"") | AD75: =IFERROR(1+(AA75-AC75)/IF(AC75<0,-AC75,AC75),"") | AG75: =IFERROR(1+(AF75-AE75)/IF(AE75<0,-AE75,AE75),"") | AI75: =IFERROR(1+(AF75-AH75)/IF(AH75<0,-AH75,AH75),"") | AL75: =IFERROR(1+(AK75-AJ75)/IF(AJ75<0,-AJ75,AJ75),"") | AN75: =IFERROR(1+(AK75-AM75)/IF(AM75<0,-AM75,AM75),"") | AQ75: =IFERROR(1+(AP75-AO75)/IF(AO75<0,-AO75,AO75),"") | AS75: =IFERROR(1+(AP75-AR75)/IF(AR75<0,-AR75,AR75),"") | AV75: =IFERROR(1+(AU75-AT75)/IF(AT75<0,-AT75,AT75),"") | AX75: =IFERROR(1+(AU75-AW75)/IF(AW75<0,-AW75,AW75),"") | BA75: =IFERROR(1+(AZ75-AY75)/IF(AY75<0,-AY75,AY75),"") | BC75: =IFERROR(1+(AZ75-BB75)/IF(BB75<0,-BB75,BB75),"") | BF75: =IFERROR(1+(BE75-BD75)/IF(BD75<0,-BD75,BD75),"") | BH75: =IFERROR(1+(BE75-BG75)/IF(BG75<0,-BG75,BG75),"") | BK75: =IFERROR(1+(BJ75-BI75)/IF(BI75<0,-BI75,BI75),"") | BM75: =IFERROR(1+(BJ75-BL75)/IF(BL75<0,-BL75,BL75),"") | BP75: =IFERROR(1+(BO75-BN75)/IF(BN75<0,-BN75,BN75),"") | BR75: =IFERROR(1+(BO75-BQ75)/IF(BQ75<0,-BQ75,BQ75),"")
E76: GSA(일본) | F76: =K76+P76+U76+Z76+AE76+AJ76+AO76+AT76+AY76+BD76+BI76+BN76 -> 11.996708 | G76: =L76+Q76+V76+AA76+AF76+AK76+AP76+AU76+AZ76+BE76+BK76+BO76 -> 0 | H76: =IFERROR(1+(G76-F76)/IF(F76<0,-F76,F76),"") -> 0 | I76: =N76+S76+X76+AC76+AH76+AM76+AR76+AW76+BB76+BG76+BM76+BQ76 -> #VALUE! | J76: =IFERROR(1+(G76-I76)/IF(I76<0,-I76,I76),"") | K76: =하이퐁_DATA!I76 -> 3.0001964 | L76: =하이퐁_DATA!J76 -> 0 | M76: =IFERROR(1+(L76-K76)/IF(K76<0,-K76,K76),"") -> 0 | N76: =하이퐁_DATA!K76 -> 0 | O76: =IFERROR(1+(L76-N76)/IF(N76<0,-N76,N76),"") | P76: =하이퐁_DATA!L76 -> 0.99821429 | Q76: =하이퐁_DATA!M76 -> 0 | R76: =IFERROR(1+(Q76-P76)/IF(P76<0,-P76,P76),"") -> 0 | S76: =하이퐁_DATA!N76 -> 0 | T76: =IFERROR(1+(Q76-S76)/IF(S76<0,-S76,S76),"") | U76: =하이퐁_DATA!O76 -> 1.0038462 | V76: =하이퐁_DATA!P76 -> 0 | W76: =IFERROR(1+(V76-U76)/IF(U76<0,-U76,U76),"") -> 0 | X76: =하이퐁_DATA!Q76 -> 0 | Y76: =IFERROR(1+(V76-X76)/IF(X76<0,-X76,X76),"") | Z76: =하이퐁_DATA!R76 -> 0 | AA76: =하이퐁_DATA!S76 -> 0 | AB76: =IFERROR(1+(AA76-Z76)/IF(Z76<0,-Z76,Z76),"") | AC76: =하이퐁_DATA!T76 -> 0 | AD76: =IFERROR(1+(AA76-AC76)/IF(AC76<0,-AC76,AC76),"") | AE76: =하이퐁_DATA!U76 -> 0 | AF76: =하이퐁_DATA!V76 -> 0 | AG76: =IFERROR(1+(AF76-AE76)/IF(AE76<0,-AE76,AE76),"") | AH76: =하이퐁_DATA!W76 -> 0 | AI76: =IFERROR(1+(AF76-AH76)/IF(AH76<0,-AH76,AH76),"") | AJ76: =하이퐁_DATA!X76 -> 0 | AK76: =하이퐁_DATA!Y76 -> 0 | AL76: =IFERROR(1+(AK76-AJ76)/IF(AJ76<0,-AJ76,AJ76),"") | AM76: =하이퐁_DATA!Z76 -> 0 | AN76: =IFERROR(1+(AK76-AM76)/IF(AM76<0,-AM76,AM76),"") | AO76: =하이퐁_DATA!AA76 -> 0 | AP76: =하이퐁_DATA!AB76 -> 0 | AQ76: =IFERROR(1+(AP76-AO76)/IF(AO76<0,-AO76,AO76),"") | AR76: =하이퐁_DATA!AC76 -> 0 | AS76: =IFERROR(1+(AP76-AR76)/IF(AR76<0,-AR76,AR76),"") | AT76: =하이퐁_DATA!AD76 -> 0 | AU76: =하이퐁_DATA!AE76 -> 0 | AV76: =IFERROR(1+(AU76-AT76)/IF(AT76<0,-AT76,AT76),"") | AW76: =하이퐁_DATA!AF76 -> 0 | AX76: =IFERROR(1+(AU76-AW76)/IF(AW76<0,-AW76,AW76),"") | AY76: =하이퐁_DATA!AG76 -> 0.99313433 | AZ76: =하이퐁_DATA!AH76 -> 0 | BA76: =IFERROR(1+(AZ76-AY76)/IF(AY76<0,-AY76,AY76),"") -> 0 | BB76: =하이퐁_DATA!AI76 -> 0 | BC76: =IFERROR(1+(AZ76-BB76)/IF(BB76<0,-BB76,BB76),"") | BD76: =하이퐁_DATA!AJ76 -> 0.99738835 | BE76: =하이퐁_DATA!AK76 -> 0 | BF76: =IFERROR(1+(BE76-BD76)/IF(BD76<0,-BD76,BD76),"") -> 0 | BG76: =하이퐁_DATA!AL76 -> 0 | BH76: =IFERROR(1+(BE76-BG76)/IF(BG76<0,-BG76,BG76),"") | BI76: =하이퐁_DATA!AM76 -> 2.0026733 | BJ76: =하이퐁_DATA!AN76 -> 0 | BK76: =IFERROR(1+(BJ76-BI76)/IF(BI76<0,-BI76,BI76),"") -> 0 | BL76: =하이퐁_DATA!AO76 -> 0 | BM76: =IFERROR(1+(BJ76-BL76)/IF(BL76<0,-BL76,BL76),"") | BN76: =하이퐁_DATA!AP76 -> 3.0012549 | BO76: =하이퐁_DATA!AQ76 -> 0 | BP76: =IFERROR(1+(BO76-BN76)/IF(BN76<0,-BN76,BN76),"") -> 0 | BQ76: =하이퐁_DATA!AR76 -> 0 | BR76: =IFERROR(1+(BO76-BQ76)/IF(BQ76<0,-BQ76,BQ76),"")
E77: 로컬 I Total | F77: =K77+P77+U77+Z77+AE77+AJ77+AO77+AT77+AY77+BD77+BI77+BN77 -> 3699.2251 | G77: =L77+Q77+V77+AA77+AF77+AK77+AP77+AU77+AZ77+BE77+BK77+BO77 -> 821.56878 | H77: =IFERROR(1+(G77-F77)/IF(F77<0,-F77,F77),"") -> 0.22209213 | I77: =N77+S77+X77+AC77+AH77+AM77+AR77+AW77+BB77+BG77+BM77+BQ77 -> 2774.1106 | J77: =IFERROR(1+(G77-I77)/IF(I77<0,-I77,I77),"") -> 0.29615574 | K77: =하이퐁_DATA!I77 -> 377.2781 | L77: =하이퐁_DATA!J77 -> 221.99531 | M77: =IFERROR(1+(L77-K77)/IF(K77<0,-K77,K77),"") -> 0.58841293 | N77: =하이퐁_DATA!K77 -> 304.68822 | O77: =IFERROR(1+(L77-N77)/IF(N77<0,-N77,N77),"") -> 0.72859828 | P77: =하이퐁_DATA!L77 -> 351.48369 | Q77: =하이퐁_DATA!M77 -> 198.42559 | R77: =IFERROR(1+(Q77-P77)/IF(P77<0,-P77,P77),"") -> 0.56453712 | S77: =하이퐁_DATA!N77 -> 275.30053 | T77: =IFERROR(1+(Q77-S77)/IF(S77<0,-S77,S77),"") -> 0.72075994 | U77: =하이퐁_DATA!O77 -> 307.0683 | V77: =하이퐁_DATA!P77 -> 242.34321 | W77: =IFERROR(1+(V77-U77)/IF(U77<0,-U77,U77),"") -> 0.78921598 | X77: =하이퐁_DATA!Q77 -> 311.38327 | Y77: =IFERROR(1+(V77-X77)/IF(X77<0,-X77,X77),"") -> 0.77827947 | Z77: =하이퐁_DATA!R77 -> 258.87948 | AA77: =하이퐁_DATA!S77 -> 148.43089 | AB77: =IFERROR(1+(AA77-Z77)/IF(Z77<0,-Z77,Z77),"") -> 0.57335903 | AC77: =하이퐁_DATA!T77 -> 276.29172 | AD77: =IFERROR(1+(AA77-AC77)/IF(AC77<0,-AC77,AC77),"") -> 0.53722526 | AE77: =하이퐁_DATA!U77 -> 295.95132 | AF77: =하이퐁_DATA!V77 -> 9.9759385 | AG77: =IFERROR(1+(AF77-AE77)/IF(AE77<0,-AE77,AE77),"") -> 0.033708038 | AH77: =하이퐁_DATA!W77 -> 255.81078 | AI77: =IFERROR(1+(AF77-AH77)/IF(AH77<0,-AH77,AH77),"") -> 0.038997334 | AJ77: =하이퐁_DATA!X77 -> 295.95132 | AK77: =하이퐁_DATA!Y77 -> 0.39784049 | AL77: =IFERROR(1+(AK77-AJ77)/IF(AJ77<0,-AJ77,AJ77),"") -> 0.0013442768 | AM77: =하이퐁_DATA!Z77 -> 226.04969 | AN77: =IFERROR(1+(AK77-AM77)/IF(AM77<0,-AM77,AM77),"") -> 0.0017599692 | AO77: =하이퐁_DATA!AA77 -> 258.94647 | AP77: =하이퐁_DATA!AB77 -> 0 | AQ77: =IFERROR(1+(AP77-AO77)/IF(AO77<0,-AO77,AO77),"") -> 0 | AR77: =하이퐁_DATA!AC77 -> 191.22316 | AS77: =IFERROR(1+(AP77-AR77)/IF(AR77<0,-AR77,AR77),"") -> 0 | AT77: =하이퐁_DATA!AD77 -> 258.94647 | AU77: =하이퐁_DATA!AE77 -> 0 | AV77: =IFERROR(1+(AU77-AT77)/IF(AT77<0,-AT77,AT77),"") -> 0 | AW77: =하이퐁_DATA!AF77 -> 212.96454 | AX77: =IFERROR(1+(AU77-AW77)/IF(AW77<0,-AW77,AW77),"") -> 0 | AY77: =하이퐁_DATA!AG77 -> 258.96541 | AZ77: =하이퐁_DATA!AH77 -> 0 | BA77: =IFERROR(1+(AZ77-AY77)/IF(AY77<0,-AY77,AY77),"") -> 0 | BB77: =하이퐁_DATA!AI77 -> 196.32926 | BC77: =IFERROR(1+(AZ77-BB77)/IF(BB77<0,-BB77,BB77),"") -> 0 | BD77: =하이퐁_DATA!AJ77 -> 332.93902 | BE77: =하이퐁_DATA!AK77 -> 0 | BF77: =IFERROR(1+(BE77-BD77)/IF(BD77<0,-BD77,BD77),"") -> 0 | BG77: =하이퐁_DATA!AL77 -> 217.11888 | BH77: =IFERROR(1+(BE77-BG77)/IF(BG77<0,-BG77,BG77),"") -> 0 | BI77: =하이퐁_DATA!AM77 -> 332.93902 | BJ77: =하이퐁_DATA!AN77 -> 0 | BK77: =IFERROR(1+(BJ77-BI77)/IF(BI77<0,-BI77,BI77),"") -> 0 | BL77: =하이퐁_DATA!AO77 -> 237.24989 | BM77: =IFERROR(1+(BJ77-BL77)/IF(BL77<0,-BL77,BL77),"") -> 0 | BN77: =하이퐁_DATA!AP77 -> 369.87653 | BO77: =하이퐁_DATA!AQ77 -> 0 | BP77: =IFERROR(1+(BO77-BN77)/IF(BN77<0,-BN77,BN77),"") -> 0 | BQ77: =하이퐁_DATA!AR77 -> 306.95056 | BR77: =IFERROR(1+(BO77-BQ77)/IF(BQ77<0,-BQ77,BQ77),"") -> 0
E78: 현지 멤버쉽 | F78: =K78+P78+U78+Z78+AE78+AJ78+AO78+AT78+AY78+BD78+BI78+BN78 -> 739.84503 | G78: =L78+Q78+V78+AA78+AF78+AK78+AP78+AU78+AZ78+BE78+BK78+BO78 -> 117.48585 | H78: =IFERROR(1+(G78-F78)/IF(F78<0,-F78,F78),"") -> 0.15879791 | I78: =N78+S78+X78+AC78+AH78+AM78+AR78+AW78+BB78+BG78+BM78+BQ78 -> 360.67502 | J78: =IFERROR(1+(G78-I78)/IF(I78<0,-I78,I78),"") -> 0.3257388 | K78: =하이퐁_DATA!I78 -> 75.455619 | L78: =하이퐁_DATA!J78 -> 32.843594 | M78: =IFERROR(1+(L78-K78)/IF(K78<0,-K78,K78),"") -> 0.43527035 | N78: =하이퐁_DATA!K78 -> 34.623028 | O78: =IFERROR(1+(L78-N78)/IF(N78<0,-N78,N78),"") -> 0.94860547 | P78: =하이퐁_DATA!L78 -> 70.296738 | Q78: =하이퐁_DATA!M78 -> 29.356589 | R78: =IFERROR(1+(Q78-P78)/IF(P78<0,-P78,P78),"") -> 0.41760955 | S78: =하이퐁_DATA!N78 -> 30.30007 | T78: =IFERROR(1+(Q78-S78)/IF(S78<0,-S78,S78),"") -> 0.96886208 | U78: =하이퐁_DATA!O78 -> 61.413659 | V78: =하이퐁_DATA!P78 -> 34.719829 | W78: =IFERROR(1+(V78-U78)/IF(U78<0,-U78,U78),"") -> 0.56534375 | X78: =하이퐁_DATA!Q78 -> 34.623857 | Y78: =IFERROR(1+(V78-X78)/IF(X78<0,-X78,X78),"") -> 1.0027718 | Z78: =하이퐁_DATA!R78 -> 51.775897 | AA78: =하이퐁_DATA!S78 -> 18.835147 | AB78: =IFERROR(1+(AA78-Z78)/IF(Z78<0,-Z78,Z78),"") -> 0.36378216 | AC78: =하이퐁_DATA!T78 -> 38.566608 | AD78: =IFERROR(1+(AA78-AC78)/IF(AC78<0,-AC78,AC78),"") -> 0.48837967 | AE78: =하이퐁_DATA!U78 -> 59.190265 | AF78: =하이퐁_DATA!V78 -> 1.332848 | AG78: =IFERROR(1+(AF78-AE78)/IF(AE78<0,-AE78,AE78),"") -> 0.022518027 | AH78: =하이퐁_DATA!W78 -> 36.805227 | AI78: =IFERROR(1+(AF78-AH78)/IF(AH78<0,-AH78,AH78),"") -> 0.036213552 | AJ78: =하이퐁_DATA!X78 -> 59.190265 | AK78: =하이퐁_DATA!Y78 -> 0.39784049 | AL78: =IFERROR(1+(AK78-AJ78)/IF(AJ78<0,-AJ78,AJ78),"") -> 0.0067213838 | AM78: =하이퐁_DATA!Z78 -> 31.593808 | AN78: =IFERROR(1+(AK78-AM78)/IF(AM78<0,-AM78,AM78),"") -> 0.012592356 | AO78: =하이퐁_DATA!AA78 -> 51.789294 | AP78: =하이퐁_DATA!AB78 -> 0 | AQ78: =IFERROR(1+(AP78-AO78)/IF(AO78<0,-AO78,AO78),"") -> 0 | AR78: =하이퐁_DATA!AC78 -> 29.12402 | AS78: =IFERROR(1+(AP78-AR78)/IF(AR78<0,-AR78,AR78),"") -> 0 | AT78: =하이퐁_DATA!AD78 -> 51.789294 | AU78: =하이퐁_DATA!AE78 -> 0 | AV78: =IFERROR(1+(AU78-AT78)/IF(AT78<0,-AT78,AT78),"") -> 0 | AW78: =하이퐁_DATA!AF78 -> 28.032507 | AX78: =IFERROR(1+(AU78-AW78)/IF(AW78<0,-AW78,AW78),"") -> 0 | AY78: =하이퐁_DATA!AG78 -> 51.793081 | AZ78: =하이퐁_DATA!AH78 -> 0 | BA78: =IFERROR(1+(AZ78-AY78)/IF(AY78<0,-AY78,AY78),"") -> 0 | BB78: =하이퐁_DATA!AI78 -> 31.889271 | BC78: =IFERROR(1+(AZ78-BB78)/IF(BB78<0,-BB78,BB78),"") -> 0 | BD78: =하이퐁_DATA!AJ78 -> 66.587804 | BE78: =하이퐁_DATA!AK78 -> 0 | BF78: =IFERROR(1+(BE78-BD78)/IF(BD78<0,-BD78,BD78),"") -> 0 | BG78: =하이퐁_DATA!AL78 -> 32.281288 | BH78: =IFERROR(1+(BE78-BG78)/IF(BG78<0,-BG78,BG78),"") -> 0 | BI78: =하이퐁_DATA!AM78 -> 66.587804 | BJ78: =하이퐁_DATA!AN78 -> 0 | BK78: =IFERROR(1+(BJ78-BI78)/IF(BI78<0,-BI78,BI78),"") -> 0 | BL78: =하이퐁_DATA!AO78 -> 31.299381 | BM78: =IFERROR(1+(BJ78-BL78)/IF(BL78<0,-BL78,BL78),"") -> 0 | BN78: =하이퐁_DATA!AP78 -> 73.975307 | BO78: =하이퐁_DATA!AQ78 -> 0 | BP78: =IFERROR(1+(BO78-BN78)/IF(BN78<0,-BN78,BN78),"") -> 0 | BQ78: =하이퐁_DATA!AR78 -> 32.835333 | BR78: =IFERROR(1+(BO78-BQ78)/IF(BQ78<0,-BQ78,BQ78),"") -> 0
E79: 3years or more | F79: =K79+P79+U79+Z79+AE79+AJ79+AO79+AT79+AY79+BD79+BI79+BN79 -> 517.89152 | G79: =L79+Q79+V79+AA79+AF79+AK79+AP79+AU79+AZ79+BE79+BK79+BO79 -> 88.73467 | H79: =IFERROR(1+(G79-F79)/IF(F79<0,-F79,F79),"") -> 0.17133833 | I79: =N79+S79+X79+AC79+AH79+AM79+AR79+AW79+BB79+BG79+BM79+BQ79 -> 208.80585 | J79: =IFERROR(1+(G79-I79)/IF(I79<0,-I79,I79),"") -> 0.42496256 | K79: =하이퐁_DATA!I79 -> 52.818934 | L79: =하이퐁_DATA!J79 -> 21.70148 | M79: =IFERROR(1+(L79-K79)/IF(K79<0,-K79,K79),"") -> 0.41086555 | N79: =하이퐁_DATA!K79 -> 18.653322 | O79: =IFERROR(1+(L79-N79)/IF(N79<0,-N79,N79),"") -> 1.163411 | P79: =하이퐁_DATA!L79 -> 49.207717 | Q79: =하이퐁_DATA!M79 -> 23.225847 | R79: =IFERROR(1+(Q79-P79)/IF(P79<0,-P79,P79),"") -> 0.47199603 | S79: =하이퐁_DATA!N79 -> 15.484451 | T79: =IFERROR(1+(Q79-S79)/IF(S79<0,-S79,S79),"") -> 1.4999464 | U79: =하이퐁_DATA!O79 -> 42.989562 | V79: =하이퐁_DATA!P79 -> 27.495177 | W79: =IFERROR(1+(V79-U79)/IF(U79<0,-U79,U79),"") -> 0.63957799 | X79: =하이퐁_DATA!Q79 -> 18.163094 | Y79: =IFERROR(1+(V79-X79)/IF(X79<0,-X79,X79),"") -> 1.5137937 | Z79: =하이퐁_DATA!R79 -> 36.243128 | AA79: =하이퐁_DATA!S79 -> 15.342103 | AB79: =IFERROR(1+(AA79-Z79)/IF(Z79<0,-Z79,Z79),"") -> 0.42331068 | AC79: =하이퐁_DATA!T79 -> 21.355792 | AD79: =IFERROR(1+(AA79-AC79)/IF(AC79<0,-AC79,AC79),"") -> 0.7184048 | AE79: =하이퐁_DATA!U79 -> 41.433185 | AF79: =하이퐁_DATA!V79 -> 0.70491406 | AG79: =IFERROR(1+(AF79-AE79)/IF(AE79<0,-AE79,AE79),"") -> 0.017013272 | AH79: =하이퐁_DATA!W79 -> 20.066819 | AI79: =IFERROR(1+(AF79-AH79)/IF(AH79<0,-AH79,AH79),"") -> 0.03512834 | AJ79: =하이퐁_DATA!X79 -> 41.433185 | AK79: =하이퐁_DATA!Y79 -> 0.26514857 | AL79: =IFERROR(1+(AK79-AJ79)/IF(AJ79<0,-AJ79,AJ79),"") -> 0.0063994252 | AM79: =하이퐁_DATA!Z79 -> 18.420225 | AN79: =IFERROR(1+(AK79-AM79)/IF(AM79<0,-AM79,AM79),"") -> 0.014394426 | AO79: =하이퐁_DATA!AA79 -> 36.252506 | AP79: =하이퐁_DATA!AB79 -> 0 | AQ79: =IFERROR(1+(AP79-AO79)/IF(AO79<0,-AO79,AO79),"") -> 0 | AR79: =하이퐁_DATA!AC79 -> 17.474371 | AS79: =IFERROR(1+(AP79-AR79)/IF(AR79<0,-AR79,AR79),"") -> 0 | AT79: =하이퐁_DATA!AD79 -> 36.252506 | AU79: =하이퐁_DATA!AE79 -> 0 | AV79: =IFERROR(1+(AU79-AT79)/IF(AT79<0,-AT79,AT79),"") -> 0 | AW79: =하이퐁_DATA!AF79 -> 17.592887 | AX79: =IFERROR(1+(AU79-AW79)/IF(AW79<0,-AW79,AW79),"") -> 0 | AY79: =하이퐁_DATA!AG79 -> 36.255157 | AZ79: =하이퐁_DATA!AH79 -> 0 | BA79: =IFERROR(1+(AZ79-AY79)/IF(AY79<0,-AY79,AY79),"") -> 0 | BB79: =하이퐁_DATA!AI79 -> 20.761758 | BC79: =IFERROR(1+(AZ79-BB79)/IF(BB79<0,-BB79,BB79),"") -> 0 | BD79: =하이퐁_DATA!AJ79 -> 46.611463 | BE79: =하이퐁_DATA!AK79 -> 0 | BF79: =IFERROR(1+(BE79-BD79)/IF(BD79<0,-BD79,BD79),"") -> 0 | BG79: =하이퐁_DATA!AL79 -> 20.098106 | BH79: =IFERROR(1+(BE79-BG79)/IF(BG79<0,-BG79,BG79),"") -> 0 | BI79: =하이퐁_DATA!AM79 -> 46.611463 | BJ79: =하이퐁_DATA!AN79 -> 0 | BK79: =IFERROR(1+(BJ79-BI79)/IF(BI79<0,-BI79,BI79),"") -> 0 | BL79: =하이퐁_DATA!AO79 -> 19.986427 | BM79: =IFERROR(1+(BJ79-BL79)/IF(BL79<0,-BL79,BL79),"") -> 0 | BN79: =하이퐁_DATA!AP79 -> 51.782715 | BO79: =하이퐁_DATA!AQ79 -> 0 | BP79: =IFERROR(1+(BO79-BN79)/IF(BN79<0,-BN79,BN79),"") -> 0 | BQ79: =하이퐁_DATA!AR79 -> 20.73503 | BR79: =IFERROR(1+(BO79-BQ79)/IF(BQ79<0,-BQ79,BQ79),"") -> 0
E80: Less than 3 years | F80: =K80+P80+U80+Z80+AE80+AJ80+AO80+AT80+AY80+BD80+BI80+BN80 -> 221.95351 | G80: =L80+Q80+V80+AA80+AF80+AK80+AP80+AU80+AZ80+BE80+BK80+BO80 -> 28.751177 | H80: =IFERROR(1+(G80-F80)/IF(F80<0,-F80,F80),"") -> 0.12953694 | I80: =N80+S80+X80+AC80+AH80+AM80+AR80+AW80+BB80+BG80+BM80+BQ80 -> 151.86916 | J80: =IFERROR(1+(G80-I80)/IF(I80<0,-I80,I80),"") -> 0.18931544 | K80: =하이퐁_DATA!I80 -> 22.636686 | L80: =하이퐁_DATA!J80 -> 11.142114 | M80: =IFERROR(1+(L80-K80)/IF(K80<0,-K80,K80),"") -> 0.49221488 | N80: =하이퐁_DATA!K80 -> 15.969706 | O80: =IFERROR(1+(L80-N80)/IF(N80<0,-N80,N80),"") -> 0.69770309 | P80: =하이퐁_DATA!L80 -> 21.089021 | Q80: =하이퐁_DATA!M80 -> 6.1307424 | R80: =IFERROR(1+(Q80-P80)/IF(P80<0,-P80,P80),"") -> 0.29070777 | S80: =하이퐁_DATA!N80 -> 14.815619 | T80: =IFERROR(1+(Q80-S80)/IF(S80<0,-S80,S80),"") -> 0.41380264 | U80: =하이퐁_DATA!O80 -> 18.424098 | V80: =하이퐁_DATA!P80 -> 7.2246514 | W80: =IFERROR(1+(V80-U80)/IF(U80<0,-U80,U80),"") -> 0.39213054 | X80: =하이퐁_DATA!Q80 -> 16.460763 | Y80: =IFERROR(1+(V80-X80)/IF(X80<0,-X80,X80),"") -> 0.43890136 | Z80: =하이퐁_DATA!R80 -> 15.532769 | AA80: =하이퐁_DATA!S80 -> 3.4930442 | AB80: =IFERROR(1+(AA80-Z80)/IF(Z80<0,-Z80,Z80),"") -> 0.22488226 | AC80: =하이퐁_DATA!T80 -> 17.210816 | AD80: =IFERROR(1+(AA80-AC80)/IF(AC80<0,-AC80,AC80),"") -> 0.20295634 | AE80: =하이퐁_DATA!U80 -> 17.757079 | AF80: =하이퐁_DATA!V80 -> 0.62793392 | AG80: =IFERROR(1+(AF80-AE80)/IF(AE80<0,-AE80,AE80),"") -> 0.035362455 | AH80: =하이퐁_DATA!W80 -> 16.738407 | AI80: =IFERROR(1+(AF80-AH80)/IF(AH80<0,-AH80,AH80),"") -> 0.037514556 | AJ80: =하이퐁_DATA!X80 -> 17.757079 | AK80: =하이퐁_DATA!Y80 -> 0.13269192 | AL80: =IFERROR(1+(AK80-AJ80)/IF(AJ80<0,-AJ80,AJ80),"") -> 0.0074726207 | AM80: =하이퐁_DATA!Z80 -> 13.173583 | AN80: =IFERROR(1+(AK80-AM80)/IF(AM80<0,-AM80,AM80),"") -> 0.010072576 | AO80: =하이퐁_DATA!AA80 -> 15.536788 | AP80: =하이퐁_DATA!AB80 -> 0 | AQ80: =IFERROR(1+(AP80-AO80)/IF(AO80<0,-AO80,AO80),"") -> 0 | AR80: =하이퐁_DATA!AC80 -> 11.64965 | AS80: =IFERROR(1+(AP80-AR80)/IF(AR80<0,-AR80,AR80),"") -> 0 | AT80: =하이퐁_DATA!AD80 -> 15.536788 | AU80: =하이퐁_DATA!AE80 -> 0 | AV80: =IFERROR(1+(AU80-AT80)/IF(AT80<0,-AT80,AT80),"") -> 0 | AW80: =하이퐁_DATA!AF80 -> 10.439619 | AX80: =IFERROR(1+(AU80-AW80)/IF(AW80<0,-AW80,AW80),"") -> 0 | AY80: =하이퐁_DATA!AG80 -> 15.537924 | AZ80: =하이퐁_DATA!AH80 -> 0 | BA80: =IFERROR(1+(AZ80-AY80)/IF(AY80<0,-AY80,AY80),"") -> 0 | BB80: =하이퐁_DATA!AI80 -> 11.127513 | BC80: =IFERROR(1+(AZ80-BB80)/IF(BB80<0,-BB80,BB80),"") -> 0 | BD80: =하이퐁_DATA!AJ80 -> 19.976341 | BE80: =하이퐁_DATA!AK80 -> 0 | BF80: =IFERROR(1+(BE80-BD80)/IF(BD80<0,-BD80,BD80),"") -> 0 | BG80: =하이퐁_DATA!AL80 -> 12.183182 | BH80: =IFERROR(1+(BE80-BG80)/IF(BG80<0,-BG80,BG80),"") -> 0 | BI80: =하이퐁_DATA!AM80 -> 19.976341 | BJ80: =하이퐁_DATA!AN80 -> 0 | BK80: =IFERROR(1+(BJ80-BI80)/IF(BI80<0,-BI80,BI80),"") -> 0 | BL80: =하이퐁_DATA!AO80 -> 11.312955 | BM80: =IFERROR(1+(BJ80-BL80)/IF(BL80<0,-BL80,BL80),"") -> 0 | BN80: =하이퐁_DATA!AP80 -> 22.192592 | BO80: =하이퐁_DATA!AQ80 -> 0 | BP80: =IFERROR(1+(BO80-BN80)/IF(BN80<0,-BN80,BN80),"") -> 0 | BQ80: =하이퐁_DATA!AR80 -> 12.100303 | BR80: =IFERROR(1+(BO80-BQ80)/IF(BQ80<0,-BQ80,BQ80),"") -> 0
E81: 현지 멤버 게스트 | F81: =K81+P81+U81+Z81+AE81+AJ81+AO81+AT81+AY81+BD81+BI81+BN81 -> 554.88377 | G81: =L81+Q81+V81+AA81+AF81+AK81+AP81+AU81+AZ81+BE81+BK81+BO81 -> 56.59477 | H81: =IFERROR(1+(G81-F81)/IF(F81<0,-F81,F81),"") -> 0.10199392 | I81: =N81+S81+X81+AC81+AH81+AM81+AR81+AW81+BB81+BG81+BM81+BQ81 -> 304.63259 | J81: =IFERROR(1+(G81-I81)/IF(I81<0,-I81,I81),"") -> 0.18578042 | K81: =하이퐁_DATA!I81 -> 56.591715 | L81: =하이퐁_DATA!J81 -> 20.243455 | M81: =IFERROR(1+(L81-K81)/IF(K81<0,-K81,K81),"") -> 0.35771057 | N81: =하이퐁_DATA!K81 -> 44.932942 | O81: =IFERROR(1+(L81-N81)/IF(N81<0,-N81,N81),"") -> 0.45052591 | P81: =하이퐁_DATA!L81 -> 52.722554 | Q81: =하이퐁_DATA!M81 -> 12.389955 | R81: =IFERROR(1+(Q81-P81)/IF(P81<0,-P81,P81),"") -> 0.23500293 | S81: =하이퐁_DATA!N81 -> 36.66454 | T81: =IFERROR(1+(Q81-S81)/IF(S81<0,-S81,S81),"") -> 0.33792745 | U81: =하이퐁_DATA!O81 -> 46.060245 | V81: =하이퐁_DATA!P81 -> 13.039098 | W81: =IFERROR(1+(V81-U81)/IF(U81<0,-U81,U81),"") -> 0.28308791 | X81: =하이퐁_DATA!Q81 -> 22.302682 | Y81: =IFERROR(1+(V81-X81)/IF(X81<0,-X81,X81),"") -> 0.58464263 | Z81: =하이퐁_DATA!R81 -> 38.831923 | AA81: =하이퐁_DATA!S81 -> 10.231276 | AB81: =IFERROR(1+(AA81-Z81)/IF(Z81<0,-Z81,Z81),"") -> 0.26347591 | AC81: =하이퐁_DATA!T81 -> 28.306214 | AD81: =IFERROR(1+(AA81-AC81)/IF(AC81<0,-AC81,AC81),"") -> 0.36144983 | AE81: =하이퐁_DATA!U81 -> 44.392698 | AF81: =하이퐁_DATA!V81 -> 0.69098611 | AG81: =IFERROR(1+(AF81-AE81)/IF(AE81<0,-AE81,AE81),"") -> 0.01556531 | AH81: =하이퐁_DATA!W81 -> 47.459502 | AI81: =IFERROR(1+(AF81-AH81)/IF(AH81<0,-AH81,AH81),"") -> 0.014559489 | AJ81: =하이퐁_DATA!X81 -> 44.392698 | AK81: =하이퐁_DATA!Y81 -> 0 | AL81: =IFERROR(1+(AK81-AJ81)/IF(AJ81<0,-AJ81,AJ81),"") -> 0 | AM81: =하이퐁_DATA!Z81 -> 35.531172 | AN81: =IFERROR(1+(AK81-AM81)/IF(AM81<0,-AM81,AM81),"") -> 0 | AO81: =하이퐁_DATA!AA81 -> 38.841971 | AP81: =하이퐁_DATA!AB81 -> 0 | AQ81: =IFERROR(1+(AP81-AO81)/IF(AO81<0,-AO81,AO81),"") -> 0 | AR81: =하이퐁_DATA!AC81 -> 20.402686 | AS81: =IFERROR(1+(AP81-AR81)/IF(AR81<0,-AR81,AR81),"") -> 0 | AT81: =하이퐁_DATA!AD81 -> 38.841971 | AU81: =하이퐁_DATA!AE81 -> 0 | AV81: =IFERROR(1+(AU81-AT81)/IF(AT81<0,-AT81,AT81),"") -> 0 | AW81: =하이퐁_DATA!AF81 -> 14.815619 | AX81: =IFERROR(1+(AU81-AW81)/IF(AW81<0,-AW81,AW81),"") -> 0 | AY81: =하이퐁_DATA!AG81 -> 38.844811 | AZ81: =하이퐁_DATA!AH81 -> 0 | BA81: =IFERROR(1+(AZ81-AY81)/IF(AY81<0,-AY81,AY81),"") -> 0 | BB81: =하이퐁_DATA!AI81 -> 11.407229 | BC81: =IFERROR(1+(AZ81-BB81)/IF(BB81<0,-BB81,BB81),"") -> 0 | BD81: =하이퐁_DATA!AJ81 -> 49.940853 | BE81: =하이퐁_DATA!AK81 -> 0 | BF81: =IFERROR(1+(BE81-BD81)/IF(BD81<0,-BD81,BD81),"") -> 0 | BG81: =하이퐁_DATA!AL81 -> 22.960532 | BH81: =IFERROR(1+(BE81-BG81)/IF(BG81<0,-BG81,BG81),"") -> 0 | BI81: =하이퐁_DATA!AM81 -> 49.940853 | BJ81: =하이퐁_DATA!AN81 -> 0 | BK81: =IFERROR(1+(BJ81-BI81)/IF(BI81<0,-BI81,BI81),"") -> 0 | BL81: =하이퐁_DATA!AO81 -> 18.374227 | BM81: =IFERROR(1+(BJ81-BL81)/IF(BL81<0,-BL81,BL81),"") -> 0 | BN81: =하이퐁_DATA!AP81 -> 55.48148 | BO81: =하이퐁_DATA!AQ81 -> 0 | BP81: =IFERROR(1+(BO81-BN81)/IF(BN81<0,-BN81,BN81),"") -> 0 | BQ81: =하이퐁_DATA!AR81 -> 19.84947 | BR81: =IFERROR(1+(BO81-BQ81)/IF(BQ81<0,-BQ81,BQ81),"") -> 0
E82: 현지 골프 그룹 | F82: =K82+P82+U82+Z82+AE82+AJ82+AO82+AT82+AY82+BD82+BI82+BN82 -> 371.21982 | G82: =L82+Q82+V82+AA82+AF82+AK82+AP82+AU82+AZ82+BE82+BK82+BO82 -> 112.35651 | H82: =IFERROR(1+(G82-F82)/IF(F82<0,-F82,F82),"") -> 0.3026684 | I82: =N82+S82+X82+AC82+AH82+AM82+AR82+AW82+BB82+BG82+BM82+BQ82 -> 280.48544 | J82: =IFERROR(1+(G82-I82)/IF(I82<0,-I82,I82),"") -> 0.40057877 | K82: =하이퐁_DATA!I82 -> 56.591715 | L82: =하이퐁_DATA!J82 -> 19.316788 | M82: =IFERROR(1+(L82-K82)/IF(K82<0,-K82,K82),"") -> 0.34133597 | N82: =하이퐁_DATA!K82 -> 26.695258 | O82: =IFERROR(1+(L82-N82)/IF(N82<0,-N82,N82),"") -> 0.72360372 | P82: =하이퐁_DATA!L82 -> 52.722554 | Q82: =하이퐁_DATA!M82 -> 17.575076 | R82: =IFERROR(1+(Q82-P82)/IF(P82<0,-P82,P82),"") -> 0.33335024 | S82: =하이퐁_DATA!N82 -> 22.677708 | T82: =IFERROR(1+(Q82-S82)/IF(S82<0,-S82,S82),"") -> 0.77499346 | U82: =하이퐁_DATA!O82 -> 30.70683 | V82: =하이퐁_DATA!P82 -> 36.135962 | W82: =IFERROR(1+(V82-U82)/IF(U82<0,-U82,U82),"") -> 1.1768054 | X82: =하이퐁_DATA!Q82 -> 37.716064 | Y82: =IFERROR(1+(V82-X82)/IF(X82<0,-X82,X82),"") -> 0.95810532 | Z82: =하이퐁_DATA!R82 -> 25.887948 | AA82: =하이퐁_DATA!S82 -> 37.857781 | AB82: =IFERROR(1+(AA82-Z82)/IF(Z82<0,-Z82,Z82),"") -> 1.4623708 | AC82: =하이퐁_DATA!T82 -> 27.447383 | AD82: =IFERROR(1+(AA82-AC82)/IF(AC82<0,-AC82,AC82),"") -> 1.3792856 | AE82: =하이퐁_DATA!U82 -> 29.595132 | AF82: =하이퐁_DATA!V82 -> 1.470904 | AG82: =IFERROR(1+(AF82-AE82)/IF(AE82<0,-AE82,AE82),"") -> 0.049700877 | AH82: =하이퐁_DATA!W82 -> 12.59136 | AI82: =IFERROR(1+(AF82-AH82)/IF(AH82<0,-AH82,AH82),"") -> 0.11681852 | AJ82: =하이퐁_DATA!X82 -> 29.595132 | AK82: =하이퐁_DATA!Y82 -> 0 | AL82: =IFERROR(1+(AK82-AJ82)/IF(AJ82<0,-AJ82,AJ82),"") -> 0 | AM82: =하이퐁_DATA!Z82 -> 28.547598 | AN82: =IFERROR(1+(AK82-AM82)/IF(AM82<0,-AM82,AM82),"") -> 0 | AO82: =하이퐁_DATA!AA82 -> 25.894647 | AP82: =하이퐁_DATA!AB82 -> 0 | AQ82: =IFERROR(1+(AP82-AO82)/IF(AO82<0,-AO82,AO82),"") -> 0 | AR82: =하이퐁_DATA!AC82 -> 14.980341 | AS82: =IFERROR(1+(AP82-AR82)/IF(AR82<0,-AR82,AR82),"") -> 0 | AT82: =하이퐁_DATA!AD82 -> 25.894647 | AU82: =하이퐁_DATA!AE82 -> 0 | AV82: =IFERROR(1+(AU82-AT82)/IF(AT82<0,-AT82,AT82),"") -> 0 | AW82: =하이퐁_DATA!AF82 -> 29.373278 | AX82: =IFERROR(1+(AU82-AW82)/IF(AW82<0,-AW82,AW82),"") -> 0 | AY82: =하이퐁_DATA!AG82 -> 25.896541 | AZ82: =하이퐁_DATA!AH82 -> 0 | BA82: =IFERROR(1+(AZ82-AY82)/IF(AY82<0,-AY82,AY82),"") -> 0 | BB82: =하이퐁_DATA!AI82 -> 24.969307 | BC82: =IFERROR(1+(AZ82-BB82)/IF(BB82<0,-BB82,BB82),"") -> 0 | BD82: =하이퐁_DATA!AJ82 -> 33.293902 | BE82: =하이퐁_DATA!AK82 -> 0 | BF82: =IFERROR(1+(BE82-BD82)/IF(BD82<0,-BD82,BD82),"") -> 0 | BG82: =하이퐁_DATA!AL82 -> 26.152402 | BH82: =IFERROR(1+(BE82-BG82)/IF(BG82<0,-BG82,BG82),"") -> 0 | BI82: =하이퐁_DATA!AM82 -> 16.646951 | BJ82: =하이퐁_DATA!AN82 -> 0 | BK82: =IFERROR(1+(BJ82-BI82)/IF(BI82<0,-BI82,BI82),"") -> 0 | BL82: =하이퐁_DATA!AO82 -> 33.449879 | BM82: =IFERROR(1+(BJ82-BL82)/IF(BL82<0,-BL82,BL82),"") -> 0 | BN82: =하이퐁_DATA!AP82 -> 18.493827 | BO82: =하이퐁_DATA!AQ82 -> 0 | BP82: =IFERROR(1+(BO82-BN82)/IF(BN82<0,-BN82,BN82),"") -> 0 | BQ82: =하이퐁_DATA!AR82 -> 29.33474 | BR82: =IFERROR(1+(BO82-BQ82)/IF(BQ82<0,-BQ82,BQ82),"") -> 0
E83: Golf Outing | F83: =K83+P83+U83+Z83+AE83+AJ83+AO83+AT83+AY83+BD83+BI83+BN83 -> 296.97586 | G83: =L83+Q83+V83+AA83+AF83+AK83+AP83+AU83+AZ83+BE83+BK83+BO83 -> 112.35651 | H83: =IFERROR(1+(G83-F83)/IF(F83<0,-F83,F83),"") -> 0.3783355 | I83: =N83+S83+X83+AC83+AH83+AM83+AR83+AW83+BB83+BG83+BM83+BQ83 -> 248.06947 | J83: =IFERROR(1+(G83-I83)/IF(I83<0,-I83,I83),"") -> 0.45292357 | K83: =하이퐁_DATA!I83 -> 45.273372 | L83: =하이퐁_DATA!J83 -> 19.316788 | M83: =IFERROR(1+(L83-K83)/IF(K83<0,-K83,K83),"") -> 0.42666996 | N83: =하이퐁_DATA!K83 -> 26.695258 | O83: =IFERROR(1+(L83-N83)/IF(N83<0,-N83,N83),"") -> 0.72360372 | P83: =하이퐁_DATA!L83 -> 42.178043 | Q83: =하이퐁_DATA!M83 -> 17.575076 | R83: =IFERROR(1+(Q83-P83)/IF(P83<0,-P83,P83),"") -> 0.4166878 | S83: =하이퐁_DATA!N83 -> 22.677708 | T83: =IFERROR(1+(Q83-S83)/IF(S83<0,-S83,S83),"") -> 0.77499346 | U83: =하이퐁_DATA!O83 -> 24.565464 | V83: =하이퐁_DATA!P83 -> 36.135962 | W83: =IFERROR(1+(V83-U83)/IF(U83<0,-U83,U83),"") -> 1.4710067 | X83: =하이퐁_DATA!Q83 -> 25.595042 | Y83: =IFERROR(1+(V83-X83)/IF(X83<0,-X83,X83),"") -> 1.4118345 | Z83: =하이퐁_DATA!R83 -> 20.710359 | AA83: =하이퐁_DATA!S83 -> 37.857781 | AB83: =IFERROR(1+(AA83-Z83)/IF(Z83<0,-Z83,Z83),"") -> 1.8279636 | AC83: =하이퐁_DATA!T83 -> 16.631701 | AD83: =IFERROR(1+(AA83-AC83)/IF(AC83<0,-AC83,AC83),"") -> 2.2762423 | AE83: =하이퐁_DATA!U83 -> 23.676106 | AF83: =하이퐁_DATA!V83 -> 1.470904 | AG83: =IFERROR(1+(AF83-AE83)/IF(AE83<0,-AE83,AE83),"") -> 0.062126097 | AH83: =하이퐁_DATA!W83 -> 12.59136 | AI83: =IFERROR(1+(AF83-AH83)/IF(AH83<0,-AH83,AH83),"") -> 0.11681852 | AJ83: =하이퐁_DATA!X83 -> 23.676106 | AK83: =하이퐁_DATA!Y83 -> 0 | AL83: =IFERROR(1+(AK83-AJ83)/IF(AJ83<0,-AJ83,AJ83),"") -> 0 | AM83: =하이퐁_DATA!Z83 -> 28.547598 | AN83: =IFERROR(1+(AK83-AM83)/IF(AM83<0,-AM83,AM83),"") -> 0 | AO83: =하이퐁_DATA!AA83 -> 20.715718 | AP83: =하이퐁_DATA!AB83 -> 0 | AQ83: =IFERROR(1+(AP83-AO83)/IF(AO83<0,-AO83,AO83),"") -> 0 | AR83: =하이퐁_DATA!AC83 -> 14.980341 | AS83: =IFERROR(1+(AP83-AR83)/IF(AR83<0,-AR83,AR83),"") -> 0 | AT83: =하이퐁_DATA!AD83 -> 20.715718 | AU83: =하이퐁_DATA!AE83 -> 0 | AV83: =IFERROR(1+(AU83-AT83)/IF(AT83<0,-AT83,AT83),"") -> 0 | AW83: =하이퐁_DATA!AF83 -> 19.894017 | AX83: =IFERROR(1+(AU83-AW83)/IF(AW83<0,-AW83,AW83),"") -> 0 | AY83: =하이퐁_DATA!AG83 -> 20.717232 | AZ83: =하이퐁_DATA!AH83 -> 0 | BA83: =IFERROR(1+(AZ83-AY83)/IF(AY83<0,-AY83,AY83),"") -> 0 | BB83: =하이퐁_DATA!AI83 -> 24.969307 | BC83: =IFERROR(1+(AZ83-BB83)/IF(BB83<0,-BB83,BB83),"") -> 0 | BD83: =하이퐁_DATA!AJ83 -> 26.635121 | BE83: =하이퐁_DATA!AK83 -> 0 | BF83: =IFERROR(1+(BE83-BD83)/IF(BD83<0,-BD83,BD83),"") -> 0 | BG83: =하이퐁_DATA!AL83 -> 26.152402 | BH83: =IFERROR(1+(BE83-BG83)/IF(BG83<0,-BG83,BG83),"") -> 0 | BI83: =하이퐁_DATA!AM83 -> 13.317561 | BJ83: =하이퐁_DATA!AN83 -> 0 | BK83: =IFERROR(1+(BJ83-BI83)/IF(BI83<0,-BI83,BI83),"") -> 0 | BL83: =하이퐁_DATA!AO83 -> 32.604515 | BM83: =IFERROR(1+(BJ83-BL83)/IF(BL83<0,-BL83,BL83),"") -> 0 | BN83: =하이퐁_DATA!AP83 -> 14.795061 | BO83: =하이퐁_DATA!AQ83 -> 0 | BP83: =IFERROR(1+(BO83-BN83)/IF(BN83<0,-BN83,BN83),"") -> 0 | BQ83: =하이퐁_DATA!AR83 -> 29.33474 | BR83: =IFERROR(1+(BO83-BQ83)/IF(BQ83<0,-BQ83,BQ83),"") -> 0
E84: Golf Tournament | F84: =K84+P84+U84+Z84+AE84+AJ84+AO84+AT84+AY84+BD84+BI84+BN84 -> 74.243965 | G84: =L84+Q84+V84+AA84+AF84+AK84+AP84+AU84+AZ84+BE84+BK84+BO84 -> 0 | H84: =IFERROR(1+(G84-F84)/IF(F84<0,-F84,F84),"") -> 0 | I84: =N84+S84+X84+AC84+AH84+AM84+AR84+AW84+BB84+BG84+BM84+BQ84 -> 32.415966 | J84: =IFERROR(1+(G84-I84)/IF(I84<0,-I84,I84),"") -> 0 | K84: =하이퐁_DATA!I84 -> 11.318343 | L84: =하이퐁_DATA!J84 -> 0 | M84: =IFERROR(1+(L84-K84)/IF(K84<0,-K84,K84),"") -> 0 | N84: =하이퐁_DATA!K84 -> 0 | O84: =IFERROR(1+(L84-N84)/IF(N84<0,-N84,N84),"") | P84: =하이퐁_DATA!L84 -> 10.544511 | Q84: =하이퐁_DATA!M84 -> 0 | R84: =IFERROR(1+(Q84-P84)/IF(P84<0,-P84,P84),"") -> 0 | S84: =하이퐁_DATA!N84 -> 0 | T84: =IFERROR(1+(Q84-S84)/IF(S84<0,-S84,S84),"") | U84: =하이퐁_DATA!O84 -> 6.1413659 | V84: =하이퐁_DATA!P84 -> 0 | W84: =IFERROR(1+(V84-U84)/IF(U84<0,-U84,U84),"") -> 0 | X84: =하이퐁_DATA!Q84 -> 12.121023 | Y84: =IFERROR(1+(V84-X84)/IF(X84<0,-X84,X84),"") -> 0 | Z84: =하이퐁_DATA!R84 -> 5.1775897 | AA84: =하이퐁_DATA!S84 -> 0 | AB84: =IFERROR(1+(AA84-Z84)/IF(Z84<0,-Z84,Z84),"") -> 0 | AC84: =하이퐁_DATA!T84 -> 10.815682 | AD84: =IFERROR(1+(AA84-AC84)/IF(AC84<0,-AC84,AC84),"") -> 0 | AE84: =하이퐁_DATA!U84 -> 5.9190265 | AF84: =하이퐁_DATA!V84 -> 0 | AG84: =IFERROR(1+(AF84-AE84)/IF(AE84<0,-AE84,AE84),"") -> 0 | AH84: =하이퐁_DATA!W84 -> 0 | AI84: =IFERROR(1+(AF84-AH84)/IF(AH84<0,-AH84,AH84),"") | AJ84: =하이퐁_DATA!X84 -> 5.9190265 | AK84: =하이퐁_DATA!Y84 -> 0 | AL84: =IFERROR(1+(AK84-AJ84)/IF(AJ84<0,-AJ84,AJ84),"") -> 0 | AM84: =하이퐁_DATA!Z84 -> 0 | AN84: =IFERROR(1+(AK84-AM84)/IF(AM84<0,-AM84,AM84),"") | AO84: =하이퐁_DATA!AA84 -> 5.1789294 | AP84: =하이퐁_DATA!AB84 -> 0 | AQ84: =IFERROR(1+(AP84-AO84)/IF(AO84<0,-AO84,AO84),"") -> 0 | AR84: =하이퐁_DATA!AC84 -> 0 | AS84: =IFERROR(1+(AP84-AR84)/IF(AR84<0,-AR84,AR84),"") | AT84: =하이퐁_DATA!AD84 -> 5.1789294 | AU84: =하이퐁_DATA!AE84 -> 0 | AV84: =IFERROR(1+(AU84-AT84)/IF(AT84<0,-AT84,AT84),"") -> 0 | AW84: =하이퐁_DATA!AF84 -> 9.4792614 | AX84: =IFERROR(1+(AU84-AW84)/IF(AW84<0,-AW84,AW84),"") -> 0 | AY84: =하이퐁_DATA!AG84 -> 5.1793081 | AZ84: =하이퐁_DATA!AH84 -> 0 | BA84: =IFERROR(1+(AZ84-AY84)/IF(AY84<0,-AY84,AY84),"") -> 0 | BB84: =하이퐁_DATA!AI84 -> 0 | BC84: =IFERROR(1+(AZ84-BB84)/IF(BB84<0,-BB84,BB84),"") | BD84: =하이퐁_DATA!AJ84 -> 6.6587804 | BE84: =하이퐁_DATA!AK84 -> 0 | BF84: =IFERROR(1+(BE84-BD84)/IF(BD84<0,-BD84,BD84),"") -> 0 | BG84: =하이퐁_DATA!AL84 -> 0 | BH84: =IFERROR(1+(BE84-BG84)/IF(BG84<0,-BG84,BG84),"") | BI84: =하이퐁_DATA!AM84 -> 3.3293902 | BJ84: =하이퐁_DATA!AN84 -> 0 | BK84: =IFERROR(1+(BJ84-BI84)/IF(BI84<0,-BI84,BI84),"") -> 0 | BL84: =하이퐁_DATA!AO84 -> 0.84536361 | BM84: =IFERROR(1+(BJ84-BL84)/IF(BL84<0,-BL84,BL84),"") -> 0 | BN84: =하이퐁_DATA!AP84 -> 3.6987653 | BO84: =하이퐁_DATA!AQ84 -> 0 | BP84: =IFERROR(1+(BO84-BN84)/IF(BN84<0,-BN84,BN84),"") -> 0 | BQ84: =하이퐁_DATA!AR84 -> 0 | BR84: =IFERROR(1+(BO84-BQ84)/IF(BQ84<0,-BQ84,BQ84),"")
E85: 인하우스 게스트 | F85: =K85+P85+U85+Z85+AE85+AJ85+AO85+AT85+AY85+BD85+BI85+BN85 -> 1073.3295 | G85: =L85+Q85+V85+AA85+AF85+AK85+AP85+AU85+AZ85+BE85+BK85+BO85 -> 70.784526 | H85: =IFERROR(1+(G85-F85)/IF(F85<0,-F85,F85),"") -> 0.065948555 | I85: =N85+S85+X85+AC85+AH85+AM85+AR85+AW85+BB85+BG85+BM85+BQ85 -> 223.31441 | J85: =IFERROR(1+(G85-I85)/IF(I85<0,-I85,I85),"") -> 0.3169725 | K85: =하이퐁_DATA!I85 -> 94.319524 | L85: =하이퐁_DATA!J85 -> 20.967939 | M85: =IFERROR(1+(L85-K85)/IF(K85<0,-K85,K85),"") -> 0.22230752 | N85: =하이퐁_DATA!K85 -> 27.648364 | O85: =IFERROR(1+(L85-N85)/IF(N85<0,-N85,N85),"") -> 0.75837904 | P85: =하이퐁_DATA!L85 -> 87.870923 | Q85: =하이퐁_DATA!M85 -> 18.802909 | R85: =IFERROR(1+(Q85-P85)/IF(P85<0,-P85,P85),"") -> 0.21398329 | S85: =하이퐁_DATA!N85 -> 24.138447 | T85: =IFERROR(1+(Q85-S85)/IF(S85<0,-S85,S85),"") -> 0.77896101 | U85: =하이퐁_DATA!O85 -> 92.120489 | V85: =하이퐁_DATA!P85 -> 17.580973 | W85: =IFERROR(1+(V85-U85)/IF(U85<0,-U85,U85),"") -> 0.19084759 | X85: =하이퐁_DATA!Q85 -> 23.087544 | Y85: =IFERROR(1+(V85-X85)/IF(X85<0,-X85,X85),"") -> 0.76149172 | Z85: =하이퐁_DATA!R85 -> 77.663845 | AA85: =하이퐁_DATA!S85 -> 12.2413 | AB85: =IFERROR(1+(AA85-Z85)/IF(Z85<0,-Z85,Z85),"") -> 0.15761903 | AC85: =하이퐁_DATA!T85 -> 16.549858 | AD85: =IFERROR(1+(AA85-AC85)/IF(AC85<0,-AC85,AC85),"") -> 0.73966194 | AE85: =하이퐁_DATA!U85 -> 88.785397 | AF85: =하이퐁_DATA!V85 -> 1.191404 | AG85: =IFERROR(1+(AF85-AE85)/IF(AE85<0,-AE85,AE85),"") -> 0.013418919 | AH85: =하이퐁_DATA!W85 -> 22.903553 | AI85: =IFERROR(1+(AF85-AH85)/IF(AH85<0,-AH85,AH85),"") -> 0.052018306 | AJ85: =하이퐁_DATA!X85 -> 88.785397 | AK85: =하이퐁_DATA!Y85 -> 0 | AL85: =IFERROR(1+(AK85-AJ85)/IF(AJ85<0,-AJ85,AJ85),"") -> 0 | AM85: =하이퐁_DATA!Z85 -> 21.326784 | AN85: =IFERROR(1+(AK85-AM85)/IF(AM85<0,-AM85,AM85),"") -> 0 | AO85: =하이퐁_DATA!AA85 -> 77.683941 | AP85: =하이퐁_DATA!AB85 -> 0 | AQ85: =IFERROR(1+(AP85-AO85)/IF(AO85<0,-AO85,AO85),"") -> 0 | AR85: =하이퐁_DATA!AC85 -> 16.639989 | AS85: =IFERROR(1+(AP85-AR85)/IF(AR85<0,-AR85,AR85),"") -> 0 | AT85: =하이퐁_DATA!AD85 -> 77.683941 | AU85: =하이퐁_DATA!AE85 -> 0 | AV85: =IFERROR(1+(AU85-AT85)/IF(AT85<0,-AT85,AT85),"") -> 0 | AW85: =하이퐁_DATA!AF85 -> 18.904652 | AX85: =IFERROR(1+(AU85-AW85)/IF(AW85<0,-AW85,AW85),"") -> 0 | AY85: =하이퐁_DATA!AG85 -> 77.689622 | AZ85: =하이퐁_DATA!AH85 -> 0 | BA85: =IFERROR(1+(AZ85-AY85)/IF(AY85<0,-AY85,AY85),"") -> 0 | BB85: =하이퐁_DATA!AI85 -> 15.265237 | BC85: =IFERROR(1+(AZ85-BB85)/IF(BB85<0,-BB85,BB85),"") -> 0 | BD85: =하이퐁_DATA!AJ85 -> 99.881705 | BE85: =하이퐁_DATA!AK85 -> 0 | BF85: =IFERROR(1+(BE85-BD85)/IF(BD85<0,-BD85,BD85),"") -> 0 | BG85: =하이퐁_DATA!AL85 -> 17.88317 | BH85: =IFERROR(1+(BE85-BG85)/IF(BG85<0,-BG85,BG85),"") -> 0 | BI85: =하이퐁_DATA!AM85 -> 99.881705 | BJ85: =하이퐁_DATA!AN85 -> 0 | BK85: =IFERROR(1+(BJ85-BI85)/IF(BI85<0,-BI85,BI85),"") -> 0 | BL85: =하이퐁_DATA!AO85 -> 22.541994 | BM85: =IFERROR(1+(BJ85-BL85)/IF(BL85<0,-BL85,BL85),"") -> 0 | BN85: =하이퐁_DATA!AP85 -> 110.96296 | BO85: =하이퐁_DATA!AQ85 -> 0 | BP85: =IFERROR(1+(BO85-BN85)/IF(BN85<0,-BN85,BN85),"") -> 0 | BQ85: =하이퐁_DATA!AR85 -> 18.966811 | BR85: =IFERROR(1+(BO85-BQ85)/IF(BQ85<0,-BQ85,BQ85),"") -> 0
E86: shot Term | F86: =K86+P86+U86+Z86+AE86+AJ86+AO86+AT86+AY86+BD86+BI86+BN86 -> 643.99767 | G86: =L86+Q86+V86+AA86+AF86+AK86+AP86+AU86+AZ86+BE86+BK86+BO86 -> 38.09807 | H86: =IFERROR(1+(G86-F86)/IF(F86<0,-F86,F86),"") -> 0.059158708 | I86: =N86+S86+X86+AC86+AH86+AM86+AR86+AW86+BB86+BG86+BM86+BQ86 -> 104.90756 | J86: =IFERROR(1+(G86-I86)/IF(I86<0,-I86,I86),"") -> 0.36315849 | K86: =하이퐁_DATA!I86 -> 56.591715 | L86: =하이퐁_DATA!J86 -> 10.393409 | M86: =IFERROR(1+(L86-K86)/IF(K86<0,-K86,K86),"") -> 0.18365602 | N86: =하이퐁_DATA!K86 -> 10.086348 | O86: =IFERROR(1+(L86-N86)/IF(N86<0,-N86,N86),"") -> 1.0304432 | P86: =하이퐁_DATA!L86 -> 52.722554 | Q86: =하이퐁_DATA!M86 -> 9.5404545 | R86: =IFERROR(1+(Q86-P86)/IF(P86<0,-P86,P86),"") -> 0.18095585 | S86: =하이퐁_DATA!N86 -> 10.552542 | T86: =IFERROR(1+(Q86-S86)/IF(S86<0,-S86,S86),"") -> 0.90409067 | U86: =하이퐁_DATA!O86 -> 55.272293 | V86: =하이퐁_DATA!P86 -> 11.006371 | W86: =IFERROR(1+(V86-U86)/IF(U86<0,-U86,U86),"") -> 0.19912999 | X86: =하이퐁_DATA!Q86 -> 8.7557296 | Y86: =IFERROR(1+(V86-X86)/IF(X86<0,-X86,X86),"") -> 1.2570479 | Z86: =하이퐁_DATA!R86 -> 46.598307 | AA86: =하이퐁_DATA!S86 -> 6.1118275 | AB86: =IFERROR(1+(AA86-Z86)/IF(Z86<0,-Z86,Z86),"") -> 0.13115986 | AC86: =하이퐁_DATA!T86 -> 6.768089 | AD86: =IFERROR(1+(AA86-AC86)/IF(AC86<0,-AC86,AC86),"") -> 0.90303591 | AE86: =하이퐁_DATA!U86 -> 53.271238 | AF86: =하이퐁_DATA!V86 -> 1.0460076 | AG86: =IFERROR(1+(AF86-AE86)/IF(AE86<0,-AE86,AE86),"") -> 0.019635503 | AH86: =하이퐁_DATA!W86 -> 12.462898 | AI86: =IFERROR(1+(AF86-AH86)/IF(AH86<0,-AH86,AH86),"") -> 0.083929725 | AJ86: =하이퐁_DATA!X86 -> 53.271238 | AK86: =하이퐁_DATA!Y86 -> 0 | AL86: =IFERROR(1+(AK86-AJ86)/IF(AJ86<0,-AJ86,AJ86),"") -> 0 | AM86: =하이퐁_DATA!Z86 -> 12.007064 | AN86: =IFERROR(1+(AK86-AM86)/IF(AM86<0,-AM86,AM86),"") -> 0 | AO86: =하이퐁_DATA!AA86 -> 46.610365 | AP86: =하이퐁_DATA!AB86 -> 0 | AQ86: =IFERROR(1+(AP86-AO86)/IF(AO86<0,-AO86,AO86),"") -> 0 | AR86: =하이퐁_DATA!AC86 -> 9.707178 | AS86: =IFERROR(1+(AP86-AR86)/IF(AR86<0,-AR86,AR86),"") -> 0 | AT86: =하이퐁_DATA!AD86 -> 46.610365 | AU86: =하이퐁_DATA!AE86 -> 0 | AV86: =IFERROR(1+(AU86-AT86)/IF(AT86<0,-AT86,AT86),"") -> 0 | AW86: =하이퐁_DATA!AF86 -> 10.573261 | AX86: =IFERROR(1+(AU86-AW86)/IF(AW86<0,-AW86,AW86),"") -> 0 | AY86: =하이퐁_DATA!AG86 -> 46.613773 | AZ86: =하이퐁_DATA!AH86 -> 0 | BA86: =IFERROR(1+(AZ86-AY86)/IF(AY86<0,-AY86,AY86),"") -> 0 | BB86: =하이퐁_DATA!AI86 -> 7.1141079 | BC86: =IFERROR(1+(AZ86-BB86)/IF(BB86<0,-BB86,BB86),"") -> 0 | BD86: =하이퐁_DATA!AJ86 -> 59.929023 | BE86: =하이퐁_DATA!AK86 -> 0 | BF86: =IFERROR(1+(BE86-BD86)/IF(BD86<0,-BD86,BD86),"") -> 0 | BG86: =하이퐁_DATA!AL86 -> 7.5502576 | BH86: =IFERROR(1+(BE86-BG86)/IF(BG86<0,-BG86,BG86),"") -> 0 | BI86: =하이퐁_DATA!AM86 -> 59.929023 | BJ86: =하이퐁_DATA!AN86 -> 0 | BK86: =IFERROR(1+(BJ86-BI86)/IF(BI86<0,-BI86,BI86),"") -> 0 | BL86: =하이퐁_DATA!AO86 -> 11.307775 | BM86: =IFERROR(1+(BJ86-BL86)/IF(BL86<0,-BL86,BL86),"") -> 0 | BN86: =하이퐁_DATA!AP86 -> 66.577776 | BO86: =하이퐁_DATA!AQ86 -> 0 | BP86: =IFERROR(1+(BO86-BN86)/IF(BN86<0,-BN86,BN86),"") -> 0 | BQ86: =하이퐁_DATA!AR86 -> 9.3300796 | BR86: =IFERROR(1+(BO86-BQ86)/IF(BQ86<0,-BQ86,BQ86),"") -> 0
E87: Long Term | F87: =K87+P87+U87+Z87+AE87+AJ87+AO87+AT87+AY87+BD87+BI87+BN87 -> 429.33178 | G87: =L87+Q87+V87+AA87+AF87+AK87+AP87+AU87+AZ87+BE87+BK87+BO87 -> 32.686456 | H87: =IFERROR(1+(G87-F87)/IF(F87<0,-F87,F87),"") -> 0.076133326 | I87: =N87+S87+X87+AC87+AH87+AM87+AR87+AW87+BB87+BG87+BM87+BQ87 -> 118.40685 | J87: =IFERROR(1+(G87-I87)/IF(I87<0,-I87,I87),"") -> 0.27605207 | K87: =하이퐁_DATA!I87 -> 37.72781 | L87: =하이퐁_DATA!J87 -> 10.57453 | M87: =IFERROR(1+(L87-K87)/IF(K87<0,-K87,K87),"") -> 0.28028477 | N87: =하이퐁_DATA!K87 -> 17.562015 | O87: =IFERROR(1+(L87-N87)/IF(N87<0,-N87,N87),"") -> 0.60212511 | P87: =하이퐁_DATA!L87 -> 35.148369 | Q87: =하이퐁_DATA!M87 -> 9.2624546 | R87: =IFERROR(1+(Q87-P87)/IF(P87<0,-P87,P87),"") -> 0.26352445 | S87: =하이퐁_DATA!N87 -> 13.585905 | T87: =IFERROR(1+(Q87-S87)/IF(S87<0,-S87,S87),"") -> 0.68176941 | U87: =하이퐁_DATA!O87 -> 36.848196 | V87: =하이퐁_DATA!P87 -> 6.5746023 | W87: =IFERROR(1+(V87-U87)/IF(U87<0,-U87,U87),"") -> 0.178424 | X87: =하이퐁_DATA!Q87 -> 14.331814 | Y87: =IFERROR(1+(V87-X87)/IF(X87<0,-X87,X87),"") -> 0.4587418 | Z87: =하이퐁_DATA!R87 -> 31.065538 | AA87: =하이퐁_DATA!S87 -> 6.1294727 | AB87: =IFERROR(1+(AA87-Z87)/IF(Z87<0,-Z87,Z87),"") -> 0.19730779 | AC87: =하이퐁_DATA!T87 -> 9.781769 | AD87: =IFERROR(1+(AA87-AC87)/IF(AC87<0,-AC87,AC87),"") -> 0.6266221 | AE87: =하이퐁_DATA!U87 -> 35.514159 | AF87: =하이퐁_DATA!V87 -> 0.14539646 | AG87: =IFERROR(1+(AF87-AE87)/IF(AE87<0,-AE87,AE87),"") -> 0.0040940422 | AH87: =하이퐁_DATA!W87 -> 10.440655 | AI87: =IFERROR(1+(AF87-AH87)/IF(AH87<0,-AH87,AH87),"") -> 0.01392599 | AJ87: =하이퐁_DATA!X87 -> 35.514159 | AK87: =하이퐁_DATA!Y87 -> 0 | AL87: =IFERROR(1+(AK87-AJ87)/IF(AJ87<0,-AJ87,AJ87),"") -> 0 | AM87: =하이퐁_DATA!Z87 -> 9.3197197 | AN87: =IFERROR(1+(AK87-AM87)/IF(AM87<0,-AM87,AM87),"") -> 0 | AO87: =하이퐁_DATA!AA87 -> 31.073577 | AP87: =하이퐁_DATA!AB87 -> 0 | AQ87: =IFERROR(1+(AP87-AO87)/IF(AO87<0,-AO87,AO87),"") -> 0 | AR87: =하이퐁_DATA!AC87 -> 6.9328106 | AS87: =IFERROR(1+(AP87-AR87)/IF(AR87<0,-AR87,AR87),"") -> 0 | AT87: =하이퐁_DATA!AD87 -> 31.073577 | AU87: =하이퐁_DATA!AE87 -> 0 | AV87: =IFERROR(1+(AU87-AT87)/IF(AT87<0,-AT87,AT87),"") -> 0 | AW87: =하이퐁_DATA!AF87 -> 8.3313901 | AX87: =IFERROR(1+(AU87-AW87)/IF(AW87<0,-AW87,AW87),"") -> 0 | AY87: =하이퐁_DATA!AG87 -> 31.075849 | AZ87: =하이퐁_DATA!AH87 -> 0 | BA87: =IFERROR(1+(AZ87-AY87)/IF(AY87<0,-AY87,AY87),"") -> 0 | BB87: =하이퐁_DATA!AI87 -> 8.1511288 | BC87: =IFERROR(1+(AZ87-BB87)/IF(BB87<0,-BB87,BB87),"") -> 0 | BD87: =하이퐁_DATA!AJ87 -> 39.952682 | BE87: =하이퐁_DATA!AK87 -> 0 | BF87: =IFERROR(1+(BE87-BD87)/IF(BD87<0,-BD87,BD87),"") -> 0 | BG87: =하이퐁_DATA!AL87 -> 10.332913 | BH87: =IFERROR(1+(BE87-BG87)/IF(BG87<0,-BG87,BG87),"") -> 0 | BI87: =하이퐁_DATA!AM87 -> 39.952682 | BJ87: =하이퐁_DATA!AN87 -> 0 | BK87: =IFERROR(1+(BJ87-BI87)/IF(BI87<0,-BI87,BI87),"") -> 0 | BL87: =하이퐁_DATA!AO87 -> 11.23422 | BM87: =IFERROR(1+(BJ87-BL87)/IF(BL87<0,-BL87,BL87),"") -> 0 | BN87: =하이퐁_DATA!AP87 -> 44.385184 | BO87: =하이퐁_DATA!AQ87 -> 0 | BP87: =IFERROR(1+(BO87-BN87)/IF(BN87<0,-BN87,BN87),"") -> 0 | BQ87: =하이퐁_DATA!AR87 -> 9.636731 | BR87: =IFERROR(1+(BO87-BQ87)/IF(BQ87<0,-BQ87,BQ87),"") -> 0
... E91: Others | F91: =K91+P91+U91+Z91+AE91+AJ91+AO91+AT91+AY91+BD91+BI91+BN91 -> 184.96126 | G91: =L91+Q91+V91+AA91+AF91+AK91+AP91+AU91+AZ91+BE91+BK91+BO91 -> 113.60084 | H91: =IFERROR(1+(G91-F91)/IF(F91<0,-F91,F91),"") -> 0.61418721 | I91: =N91+S91+X91+AC91+AH91+AM91+AR91+AW91+BB91+BG91+BM91+BQ91 -> 523.39374 | J91: =IFERROR(1+(G91-I91)/IF(I91<0,-I91,I91),"") -> 0.21704661 | K91: =하이퐁_DATA!I91 -> 18.863905 | L91: =하이퐁_DATA!J91 -> 33.408534 | M91: =IFERROR(1+(L91-K91)/IF(K91<0,-K91,K91),"") -> 1.7710296 | N91: =하이퐁_DATA!K91 -> 42.013843 | O91: =IFERROR(1+(L91-N91)/IF(N91<0,-N91,N91),"") -> 0.79517921 | P91: =하이퐁_DATA!L91 -> 17.574185 | Q91: =하이퐁_DATA!M91 -> 33.177547 | R91: =IFERROR(1+(Q91-P91)/IF(P91<0,-P91,P91),"") -> 1.887857 | S91: =하이퐁_DATA!N91 -> 43.180664 | T91: =IFERROR(1+(Q91-S91)/IF(S91<0,-S91,S91),"") -> 0.76834268 | U91: =하이퐁_DATA!O91 -> 15.353415 | V91: =하이퐁_DATA!P91 -> 38.599988 | W91: =IFERROR(1+(V91-U91)/IF(U91<0,-U91,U91),"") -> 2.5140979 | X91: =하이퐁_DATA!Q91 -> 54.017492 | Y91: =IFERROR(1+(V91-X91)/IF(X91<0,-X91,X91),"") -> 0.71458312 | Z91: =하이퐁_DATA!R91 -> 12.943974 | AA91: =하이퐁_DATA!S91 -> 8.3726559 | AB91: =IFERROR(1+(AA91-Z91)/IF(Z91<0,-Z91,Z91),"") -> 0.64683812 | AC91: =하이퐁_DATA!T91 -> 43.529748 | AD91: =IFERROR(1+(AA91-AC91)/IF(AC91<0,-AC91,AC91),"") -> 0.19234331 | AE91: =하이퐁_DATA!U91 -> 14.797566 | AF91: =하이퐁_DATA!V91 -> 0.042113215 | AG91: =IFERROR(1+(AF91-AE91)/IF(AE91<0,-AE91,AE91),"") -> 0.0028459555 | AH91: =하이퐁_DATA!W91 -> 46.724383 | AI91: =IFERROR(1+(AF91-AH91)/IF(AH91<0,-AH91,AH91),"") -> 0.00090131131 | AJ91: =하이퐁_DATA!X91 -> 14.797566 | AK91: =하이퐁_DATA!Y91 -> 0 | AL91: =IFERROR(1+(AK91-AJ91)/IF(AJ91<0,-AJ91,AJ91),"") -> 0 | AM91: =하이퐁_DATA!Z91 -> 35.487117 | AN91: =IFERROR(1+(AK91-AM91)/IF(AM91<0,-AM91,AM91),"") -> 0 | AO91: =하이퐁_DATA!AA91 -> 12.947324 | AP91: =하이퐁_DATA!AB91 -> 0 | AQ91: =IFERROR(1+(AP91-AO91)/IF(AO91<0,-AO91,AO91),"") -> 0 | AR91: =하이퐁_DATA!AC91 -> 42.51852 | AS91: =IFERROR(1+(AP91-AR91)/IF(AR91<0,-AR91,AR91),"") -> 0 | AT91: =하이퐁_DATA!AD91 -> 12.947324 | AU91: =하이퐁_DATA!AE91 -> 0 | AV91: =IFERROR(1+(AU91-AT91)/IF(AT91<0,-AT91,AT91),"") -> 0 | AW91: =하이퐁_DATA!AF91 -> 42.155706 | AX91: =IFERROR(1+(AU91-AW91)/IF(AW91<0,-AW91,AW91),"") -> 0 | AY91: =하이퐁_DATA!AG91 -> 12.94827 | AZ91: =하이퐁_DATA!AH91 -> 0 | BA91: =IFERROR(1+(AZ91-AY91)/IF(AY91<0,-AY91,AY91),"") -> 0 | BB91: =하이퐁_DATA!AI91 -> 33.789865 | BC91: =IFERROR(1+(AZ91-BB91)/IF(BB91<0,-BB91,BB91),"") -> 0 | BD91: =하이퐁_DATA!AJ91 -> 16.646951 | BE91: =하이퐁_DATA!AK91 -> 0 | BF91: =IFERROR(1+(BE91-BD91)/IF(BD91<0,-BD91,BD91),"") -> 0 | BG91: =하이퐁_DATA!AL91 -> 37.407627 | BH91: =IFERROR(1+(BE91-BG91)/IF(BG91<0,-BG91,BG91),"") -> 0 | BI91: =하이퐁_DATA!AM91 -> 16.646951 | BJ91: =하이퐁_DATA!AN91 -> 0 | BK91: =IFERROR(1+(BJ91-BI91)/IF(BI91<0,-BI91,BI91),"") -> 0 | BL91: =하이퐁_DATA!AO91 -> 36.530727 | BM91: =IFERROR(1+(BJ91-BL91)/IF(BL91<0,-BL91,BL91),"") -> 0 | BN91: =하이퐁_DATA!AP91 -> 18.493827 | BO91: =하이퐁_DATA!AQ91 -> 0 | BP91: =IFERROR(1+(BO91-BN91)/IF(BN91<0,-BN91,BN91),"") -> 0 | BQ91: =하이퐁_DATA!AR91 -> 102.56878 | BR91: =IFERROR(1+(BO91-BQ91)/IF(BQ91<0,-BQ91,BQ91),"") -> 0
H92: =IFERROR(1+(G92-F92)/IF(G92<0,-G92,G92),"") | J92: =IFERROR(1+(I92-G92)/IF(I92<0,-I92,I92),"") | M92: =IFERROR(1+(L92-K92)/IF(L92<0,-L92,L92),"") | O92: =IFERROR(1+(N92-L92)/IF(N92<0,-N92,N92),"") | R92: =IFERROR(1+(Q92-P92)/IF(P92<0,-P92,P92),"") | T92: =IFERROR(1+(Q92-S92)/IF(S92<0,-S92,S92),"") | W92: =IFERROR(1+(V92-U92)/IF(U92<0,-U92,U92),"") | Y92: =IFERROR(1+(V92-X92)/IF(X92<0,-X92,X92),"") | AB92: =IFERROR(1+(AA92-Z92)/IF(Z92<0,-Z92,Z92),"") | AD92: =IFERROR(1+(AA92-AC92)/IF(AC92<0,-AC92,AC92),"") | AG92: =IFERROR(1+(AF92-AE92)/IF(AE92<0,-AE92,AE92),"") | AI92: =IFERROR(1+(AF92-AH92)/IF(AH92<0,-AH92,AH92),"") | AL92: =IFERROR(1+(AK92-AJ92)/IF(AJ92<0,-AJ92,AJ92),"") | AN92: =IFERROR(1+(AK92-AM92)/IF(AM92<0,-AM92,AM92),"") | AQ92: =IFERROR(1+(AP92-AO92)/IF(AO92<0,-AO92,AO92),"") | AS92: =IFERROR(1+(AP92-AR92)/IF(AR92<0,-AR92,AR92),"") | AV92: =IFERROR(1+(AU92-AT92)/IF(AT92<0,-AT92,AT92),"") | AX92: =IFERROR(1+(AU92-AW92)/IF(AW92<0,-AW92,AW92),"") | BA92: =IFERROR(1+(AZ92-AY92)/IF(AY92<0,-AY92,AY92),"") | BC92: =IFERROR(1+(AZ92-BB92)/IF(BB92<0,-BB92,BB92),"") | BF92: =IFERROR(1+(BE92-BD92)/IF(BD92<0,-BD92,BD92),"") | BH92: =IFERROR(1+(BE92-BG92)/IF(BG92<0,-BG92,BG92),"") | BK92: =IFERROR(1+(BJ92-BI92)/IF(BI92<0,-BI92,BI92),"") | BM92: =IFERROR(1+(BJ92-BL92)/IF(BL92<0,-BL92,BL92),"") | BP92: =IFERROR(1+(BO92-BN92)/IF(BN92<0,-BN92,BN92),"") | BR92: =IFERROR(1+(BO92-BQ92)/IF(BQ92<0,-BQ92,BQ92),"")
D93: 식음 | E93: F&B I Total | F93: =K93+P93+U93+Z93+AE93+AJ93+AO93+AT93+AY93+BD93+BI93+BN93 -> 1862.5381 | G93: =L93+Q93+V93+AA93+AF93+AK93+AP93+AU93+AZ93+BE93+BK93+BO93 -> 577.41965 | H93: =IFERROR(1+(G93-F93)/IF(F93<0,-F93,F93),"") -> 0.31001763 | I93: =N93+S93+X93+AC93+AH93+AM93+AR93+AW93+BB93+BG93+BM93+BQ93 -> 1426.2879 | J93: =IFERROR(1+(G93-I93)/IF(I93<0,-I93,I93),"") -> 0.40484087 | K93: =하이퐁_DATA!I93 -> 228.78272 | L93: =하이퐁_DATA!J93 -> 246.44232 | M93: =IFERROR(1+(L93-K93)/IF(K93<0,-K93,K93),"") -> 1.0771894 | N93: =하이퐁_DATA!K93 -> 262.93221 | O93: =IFERROR(1+(N93-L93)/IF(N93<0,-N93,N93),"") -> 1.0627153 | P93: =하이퐁_DATA!L93 -> 191.51876 | Q93: =하이퐁_DATA!M93 -> 156.88725 | R93: =IFERROR(1+(Q93-P93)/IF(P93<0,-P93,P93),"") -> 0.81917434 | S93: =하이퐁_DATA!N93 -> 192.69909 | T93: =IFERROR(1+(Q93-S93)/IF(S93<0,-S93,S93),"") -> 0.81415672 | U93: =하이퐁_DATA!O93 -> 170.59071 | V93: =하이퐁_DATA!P93 -> 124.75298 | W93: =IFERROR(1+(V93-U93)/IF(U93<0,-U93,U93),"") -> 0.73129995 | X93: =하이퐁_DATA!Q93 -> 150.75609 | Y93: =IFERROR(1+(V93-X93)/IF(X93<0,-X93,X93),"") -> 0.82751533 | Z93: =하이퐁_DATA!R93 -> 117.9444 | AA93: =하이퐁_DATA!S93 -> 49.337096 | AB93: =IFERROR(1+(AA93-Z93)/IF(Z93<0,-Z93,Z93),"") -> 0.41830807 | AC93: =하이퐁_DATA!T93 -> 102.978 | AD93: =IFERROR(1+(AA93-AC93)/IF(AC93<0,-AC93,AC93),"") -> 0.47910329 | AE93: =하이퐁_DATA!U93 -> 129.55568 | AF93: =하이퐁_DATA!V93 -> 0 | AG93: =IFERROR(1+(AF93-AE93)/IF(AE93<0,-AE93,AE93),"") -> 0 | AH93: =하이퐁_DATA!W93 -> 100.85555 | AI93: =IFERROR(1+(AF93-AH93)/IF(AH93<0,-AH93,AH93),"") -> 0 | AJ93: =하이퐁_DATA!X93 -> 134.51793 | AK93: =하이퐁_DATA!Y93 -> 0 | AL93: =IFERROR(1+(AK93-AJ93)/IF(AJ93<0,-AJ93,AJ93),"") -> 0 | AM93: =하이퐁_DATA!Z93 -> 86.927096 | AN93: =IFERROR(1+(AK93-AM93)/IF(AM93<0,-AM93,AM93),"") -> 0 | AO93: =하이퐁_DATA!AA93 -> 114.52678 | AP93: =하이퐁_DATA!AB93 -> 0 | AQ93: =IFERROR(1+(AP93-AO93)/IF(AO93<0,-AO93,AO93),"") -> 0 | AR93: =하이퐁_DATA!AC93 -> 77.224205 | AS93: =IFERROR(1+(AP93-AR93)/IF(AR93<0,-AR93,AR93),"") -> 0 | AT93: =하이퐁_DATA!AD93 -> 115.66965 | AU93: =하이퐁_DATA!AE93 -> 0 | AV93: =IFERROR(1+(AU93-AT93)/IF(AT93<0,-AT93,AT93),"") -> 0 | AW93: =하이퐁_DATA!AF93 -> 85.795617 | AX93: =IFERROR(1+(AU93-AW93)/IF(AW93<0,-AW93,AW93),"") -> 0 | AY93: =하이퐁_DATA!AG93 -> 115.0999 | AZ93: =하이퐁_DATA!AH93 -> 0 | BA93: =IFERROR(1+(AZ93-AY93)/IF(AY93<0,-AY93,AY93),"") -> 0 | BB93: =하이퐁_DATA!AI93 -> 85.060413 | BC93: =IFERROR(1+(AZ93-BB93)/IF(BB93<0,-BB93,BB93),"") -> 0 | BD93: =하이퐁_DATA!AJ93 -> 148.92637 | BE93: =하이퐁_DATA!AK93 -> 0 | BF93: =IFERROR(1+(BE93-BD93)/IF(BD93<0,-BD93,BD93),"") -> 0 | BG93: =하이퐁_DATA!AL93 -> 103.20806 | BH93: =IFERROR(1+(BE93-BG93)/IF(BG93<0,-BG93,BG93),"") -> 0 | BI93: =하이퐁_DATA!AM93 -> 168.91496 | BJ93: =하이퐁_DATA!AN93 -> 0 | BK93: =IFERROR(1+(BJ93-BI93)/IF(BI93<0,-BI93,BI93),"") -> 0 | BL93: =하이퐁_DATA!AO93 -> 146.13472 | BM93: =IFERROR(1+(BJ93-BL93)/IF(BL93<0,-BL93,BL93),"") -> 0 | BN93: =하이퐁_DATA!AP93 -> 226.49024 | BO93: =하이퐁_DATA!AQ93 -> 0 | BP93: =IFERROR(1+(BO93-BN93)/IF(BN93<0,-BN93,BN93),"") -> 0 | BQ93: =하이퐁_DATA!AR93 -> 177.85161 | BR93: =IFERROR(1+(BO93-BQ93)/IF(BQ93<0,-BQ93,BQ93),"") -> 0
E94: 로컬 | F94: =K94+P94+U94+Z94+AE94+AJ94+AO94+AT94+AY94+BD94+BI94+BN94 -> 1514.2021 | G94: =L94+Q94+V94+AA94+AF94+AK94+AP94+AU94+AZ94+BE94+BK94+BO94 -> 401.90031 | H94: =IFERROR(1+(G94-F94)/IF(F94<0,-F94,F94),"") -> 0.26542052 | I94: =N94+S94+X94+AC94+AH94+AM94+AR94+AW94+BB94+BG94+BM94+BQ94 -> 1190.5663 | J94: =IFERROR(1+(G94-I94)/IF(I94<0,-I94,I94),"") -> 0.33757071 | K94: =하이퐁_DATA!I94 -> 154.47072 | L94: =하이퐁_DATA!J94 -> 153.2778 | M94: =IFERROR(1+(L94-K94)/IF(K94<0,-K94,K94),"") -> 0.99227736 | N94: =하이퐁_DATA!K94 -> 204.4246 | O94: =IFERROR(1+(N94-L94)/IF(N94<0,-N94,N94),"") -> 1.2501988 | P94: =하이퐁_DATA!L94 -> 143.87376 | Q94: =하이퐁_DATA!M94 -> 111.52032 | R94: =IFERROR(1+(Q94-P94)/IF(P94<0,-P94,P94),"") -> 0.77512621 | S94: =하이퐁_DATA!N94 -> 157.66885 | T94: =IFERROR(1+(Q94-S94)/IF(S94<0,-S94,S94),"") -> 0.70730725 | U94: =하이퐁_DATA!O94 -> 125.66171 | V94: =하이퐁_DATA!P94 -> 92.979761 | W94: =IFERROR(1+(V94-U94)/IF(U94<0,-U94,U94),"") -> 0.73992118 | X94: =하이퐁_DATA!Q94 -> 120.97744 | Y94: =IFERROR(1+(V94-X94)/IF(X94<0,-X94,X94),"") -> 0.76857107 | Z94: =하이퐁_DATA!R94 -> 105.9954 | AA94: =하이퐁_DATA!S94 -> 44.122428 | AB94: =IFERROR(1+(AA94-Z94)/IF(Z94<0,-Z94,Z94),"") -> 0.41626737 | AC94: =하이퐁_DATA!T94 -> 94.018856 | AD94: =IFERROR(1+(AA94-AC94)/IF(AC94<0,-AC94,AC94),"") -> 0.46929339 | AE94: =하이퐁_DATA!U94 -> 121.12968 | AF94: =하이퐁_DATA!V94 -> 0 | AG94: =IFERROR(1+(AF94-AE94)/IF(AE94<0,-AE94,AE94),"") -> 0 | AH94: =하이퐁_DATA!W94 -> 91.996194 | AI94: =IFERROR(1+(AF94-AH94)/IF(AH94<0,-AH94,AH94),"") -> 0 | AJ94: =하이퐁_DATA!X94 -> 121.14093 | AK94: =하이퐁_DATA!Y94 -> 0 | AL94: =IFERROR(1+(AK94-AJ94)/IF(AJ94<0,-AJ94,AJ94),"") -> 0 | AM94: =하이퐁_DATA!Z94 -> 79.682754 | AN94: =IFERROR(1+(AK94-AM94)/IF(AM94<0,-AM94,AM94),"") -> 0 | AO94: =하이퐁_DATA!AA94 -> 105.99578 | AP94: =하이퐁_DATA!AB94 -> 0 | AQ94: =IFERROR(1+(AP94-AO94)/IF(AO94<0,-AO94,AO94),"") -> 0 | AR94: =하이퐁_DATA!AC94 -> 69.650055 | AS94: =IFERROR(1+(AP94-AR94)/IF(AR94<0,-AR94,AR94),"") -> 0 | AT94: =하이퐁_DATA!AD94 -> 105.98065 | AU94: =하이퐁_DATA!AE94 -> 0 | AV94: =IFERROR(1+(AU94-AT94)/IF(AT94<0,-AT94,AT94),"") -> 0 | AW94: =하이퐁_DATA!AF94 -> 80.045233 | AX94: =IFERROR(1+(AU94-AW94)/IF(AW94<0,-AW94,AW94),"") -> 0 | AY94: =하이퐁_DATA!AG94 -> 105.9949 | AZ94: =하이퐁_DATA!AH94 -> 0 | BA94: =IFERROR(1+(AZ94-AY94)/IF(AY94<0,-AY94,AY94),"") -> 0 | BB94: =하이퐁_DATA!AI94 -> 78.63961 | BC94: =IFERROR(1+(AZ94-BB94)/IF(BB94<0,-BB94,BB94),"") -> 0 | BD94: =하이퐁_DATA!AJ94 -> 136.26837 | BE94: =하이퐁_DATA!AK94 -> 0 | BF94: =IFERROR(1+(BE94-BD94)/IF(BD94<0,-BD94,BD94),"") -> 0 | BG94: =하이퐁_DATA!AL94 -> 86.359154 | BH94: =IFERROR(1+(BE94-BG94)/IF(BG94<0,-BG94,BG94),"") -> 0 | BI94: =하이퐁_DATA!AM94 -> 136.27796 | BJ94: =하이퐁_DATA!AN94 -> 0 | BK94: =IFERROR(1+(BJ94-BI94)/IF(BI94<0,-BI94,BI94),"") -> 0 | BL94: =하이퐁_DATA!AO94 -> 115.51453 | BM94: =IFERROR(1+(BJ94-BL94)/IF(BL94<0,-BL94,BL94),"") -> 0 | BN94: =하이퐁_DATA!AP94 -> 151.41224 | BO94: =하이퐁_DATA!AQ94 -> 0 | BP94: =IFERROR(1+(BO94-BN94)/IF(BN94<0,-BN94,BN94),"") -> 0 | BQ94: =하이퐁_DATA!AR94 -> 127.10354 | BR94: =IFERROR(1+(BO94-BQ94)/IF(BQ94<0,-BQ94,BQ94),"") -> 0
E95: 해외 | F95: =K95+P95+U95+Z95+AE95+AJ95+AO95+AT95+AY95+BD95+BI95+BN95 -> 348.336 | G95: =L95+Q95+V95+AA95+AF95+AK95+AP95+AU95+AZ95+BE95+BK95+BO95 -> 175.51934 | H95: =IFERROR(1+(G95-F95)/IF(F95<0,-F95,F95),"") -> 0.50387943 | I95: =N95+S95+X95+AC95+AH95+AM95+AR95+AW95+BB95+BG95+BM95+BQ95 -> 235.72164 | J95: =IFERROR(1+(G95-I95)/IF(I95<0,-I95,I95),"") -> 0.74460428 | K95: =하이퐁_DATA!I95 -> 74.312 | L95: =하이퐁_DATA!J95 -> 93.164527 | M95: =IFERROR(1+(L95-K95)/IF(K95<0,-K95,K95),"") -> 1.2536942 | N95: =하이퐁_DATA!K95 -> 58.50761 | O95: =IFERROR(1+(N95-L95)/IF(N95<0,-N95,N95),"") -> 0.40765113 | P95: =하이퐁_DATA!L95 -> 47.645 | Q95: =하이퐁_DATA!M95 -> 45.366932 | R95: =IFERROR(1+(Q95-P95)/IF(P95<0,-P95,P95),"") -> 0.95218663 | S95: =하이퐁_DATA!N95 -> 35.030232 | T95: =IFERROR(1+(Q95-S95)/IF(S95<0,-S95,S95),"") -> 1.2950794 | U95: =하이퐁_DATA!O95 -> 44.929 | V95: =하이퐁_DATA!P95 -> 31.773218 | W95: =IFERROR(1+(V95-U95)/IF(U95<0,-U95,U95),"") -> 0.70718729 | X95: =하이퐁_DATA!Q95 -> 29.778653 | Y95: =IFERROR(1+(V95-X95)/IF(X95<0,-X95,X95),"") -> 1.0669797 | Z95: =하이퐁_DATA!R95 -> 11.949 | AA95: =하이퐁_DATA!S95 -> 5.2146681 | AB95: =IFERROR(1+(AA95-Z95)/IF(Z95<0,-Z95,Z95),"") -> 0.43641042 | AC95: =하이퐁_DATA!T95 -> 8.9591392 | AD95: =IFERROR(1+(AA95-AC95)/IF(AC95<0,-AC95,AC95),"") -> 0.58205012 | AE95: =하이퐁_DATA!U95 -> 8.426 | AF95: =하이퐁_DATA!V95 -> 0 | AG95: =IFERROR(1+(AF95-AE95)/IF(AE95<0,-AE95,AE95),"") -> 0 | AH95: =하이퐁_DATA!W95 -> 8.8593555 | AI95: =IFERROR(1+(AF95-AH95)/IF(AH95<0,-AH95,AH95),"") -> 0 | AJ95: =하이퐁_DATA!X95 -> 13.377 | AK95: =하이퐁_DATA!Y95 -> 0 | AL95: =IFERROR(1+(AK95-AJ95)/IF(AJ95<0,-AJ95,AJ95),"") -> 0 | AM95: =하이퐁_DATA!Z95 -> 7.2443419 | AN95: =IFERROR(1+(AK95-AM95)/IF(AM95<0,-AM95,AM95),"") -> 0 | AO95: =하이퐁_DATA!AA95 -> 8.531 | AP95: =하이퐁_DATA!AB95 -> 0 | AQ95: =IFERROR(1+(AP95-AO95)/IF(AO95<0,-AO95,AO95),"") -> 0 | AR95: =하이퐁_DATA!AC95 -> 7.5741499 | AS95: =IFERROR(1+(AP95-AR95)/IF(AR95<0,-AR95,AR95),"") -> 0 | AT95: =하이퐁_DATA!AD95 -> 9.689 | AU95: =하이퐁_DATA!AE95 -> 0 | AV95: =IFERROR(1+(AU95-AT95)/IF(AT95<0,-AT95,AT95),"") -> 0 | AW95: =하이퐁_DATA!AF95 -> 5.7503845 | AX95: =IFERROR(1+(AU95-AW95)/IF(AW95<0,-AW95,AW95),"") -> 0 | AY95: =하이퐁_DATA!AG95 -> 9.105 | AZ95: =하이퐁_DATA!AH95 -> 0 | BA95: =IFERROR(1+(AZ95-AY95)/IF(AY95<0,-AY95,AY95),"") -> 0 | BB95: =하이퐁_DATA!AI95 -> 6.4208031 | BC95: =IFERROR(1+(AZ95-BB95)/IF(BB95<0,-BB95,BB95),"") -> 0 | BD95: =하이퐁_DATA!AJ95 -> 12.658 | BE95: =하이퐁_DATA!AK95 -> 0 | BF95: =IFERROR(1+(BE95-BD95)/IF(BD95<0,-BD95,BD95),"") -> 0 | BG95: =하이퐁_DATA!AL95 -> 16.848903 | BH95: =IFERROR(1+(BE95-BG95)/IF(BG95<0,-BG95,BG95),"") -> 0 | BI95: =하이퐁_DATA!AM95 -> 32.637 | BJ95: =하이퐁_DATA!AN95 -> 0 | BK95: =IFERROR(1+(BJ95-BI95)/IF(BI95<0,-BI95,BI95),"") -> 0 | BL95: =하이퐁_DATA!AO95 -> 30.620192 | BM95: =IFERROR(1+(BJ95-BL95)/IF(BL95<0,-BL95,BL95),"") -> 0 | BN95: =하이퐁_DATA!AP95 -> 75.078 | BO95: =하이퐁_DATA!AQ95 -> 0 | BP95: =IFERROR(1+(BO95-BN95)/IF(BN95<0,-BN95,BN95),"") -> 0 | BQ95: =하이퐁_DATA!AR95 -> 50.748071 | BR95: =IFERROR(1+(BO95-BQ95)/IF(BQ95<0,-BQ95,BQ95),"") -> 0
G101: 2440000

Sheet 하이퐁_DATA
E1: 26년 목표 환율 | F1: 0.052
E2: 26년 실적 환율 | F2: 0.0547
C3: 하이퐁 | E3: 25년 실적 환율 | F3: 0.0547
C5: 구분 | F5: TOTAL | I5: 1 | L5: 2 | O5: 3 | R5: 4 | U5: 5 | X5: 6 | AA5: 7 | AD5: 8 | AG5: 9 | AJ5: 10 | AM5: 11 | AP5: 12
F6: 26년 목표 | G6: 26년 실적 | H6: 25년 실적 | I6: 26년 목표 | J6: 26년 실적 | K6: 25년 실적 | L6: 26년 목표 | M6: 26년 실적 | N6: 25년 실적 | O6: 26년 목표 | P6: 26년 실적 | Q6: 25년 실적 | R6: 26년 목표 | S6: 26년 실적 | T6: 25년 실적 | U6: 26년 목표 | V6: 26년 실적 | W6: 25년 실적 | X6: 26년 목표 | Y6: 26년 실적 | Z6: 25년 실적 | AA6: 26년 목표 | AB6: 26년 실적 | AC6: 25년 실적 | AD6: 26년 목표 | AE6: 26년 실적 | AF6: 25년 실적 | AG6: 26년 목표 | AH6: 26년 실적 | AI6: 25년 실적 | AJ6: 26년 목표 | AK6: 26년 실적 | AL6: 25년 실적 | AM6: 26년 목표 | AN6: 26년 실적 | AO6: 25년 실적 | AP6: 26년 목표 | AQ6: 26년 실적 | AR6: 25년 실적
E7: GRAND TOTAL | F7: =I7+L7+O7+R7+U7+X7+AA7+AD7+AG7+AJ7+AM7+AP7 -> 4853.5756 | G7: =J7+M7+P7+S7+V7+Y7+AB7+AE7+AH7+AK7+AN7+AQ7 -> 2650.8471 | H7: =K7+N7+Q7+T7+W7+Z7+AC7+AF7+AI7+AL7+AO7+AR7 -> 3901.3757 | I7: =I8+I9 -> 1200.1052 | J7: =J8+J9 -> 1024.9356 | K7: =K8+K9 -> 1148.0117 | L7: =L8+L9 -> 978.3099 | M7: =M8+M9 -> 694.32738 | N7: =N8+N9 -> 865.53641 | O7: =O8+O9 -> 793.77771 | P7: =P8+P9 -> 577.373 | ... AR7: =AR8+AR9 -> 229.50439
E8: 해외 실적 | F8: =I8+L8+O8+R8+U8+X8+AA8+AD8+AG8+AJ8+AM8+AP8 -> 1933.2483 | G8: =J8+M8+P8+S8+V8+Y8+AB8+AE8+AH8+AK8+AN8+AQ8 -> 1016.8004 | H8: =K8+N8+Q8+T8+W8+Z8+AC8+AF8+AI8+AL8+AO8+AR8 -> 1378.7496 | I8: =I10+I49+I95 -> 519.592 | J8: =J10+J49+J95 -> 500.2249 | K8: =K10+K49+K95 -> 454.84641 | L8: =L10+L49+L95 -> 344.408 | M8: =M10+M49+M95 -> 276.01659 | N8: =N10+N49+N95 -> 296.19991 | O8: =O10+O49+O95 -> 240.02677 | P8: =P10+P49+P95 -> 160.37375 | Q8: =Q10+Q49+Q95 -> 172.62249 | R8: =R10+R50+R99 -> 39.1702 | S8: =S10+S50+S99 -> 42.514425 | T8: =T10+T50+T99 -> 27.32643 | U8: =U10+U50+U99 -> 35.269737 | V8: =V10+V50+V99 -> 13.28031 | W8: =W10+W50+W99 -> 33.18736 | X8: =X10+X50+X99 -> 25.776765 | Y8: =Y10+Y50+Y99 -> 11.101034 | ... AR8: =AR10+AR50+AR99 -> 155.20094
E9: 현지 실적 | F9: =I9+L9+O9+R9+U9+X9+AA9+AD9+AG9+AJ9+AM9+AP9 -> 2920.3273 | G9: =J9+M9+P9+S9+V9+Y9+AB9+AE9+AH9+AK9+AN9+AQ9 -> 1634.0468 | H9: =K9+N9+Q9+T9+W9+Z9+AC9+AF9+AI9+AL9+AO9+AR9 -> 2522.6262 | I9: =I39+I77+I94 -> 680.51321 | J9: =J39+J77+J94 -> 524.71075 | K9: =K39+K77+K94 -> 693.16533 | L9: =L39+L77+L94 -> 633.9019 | M9: =M39+M77+M94 -> 418.31079 | N9: =N39+N77+N94 -> 569.33649 | O9: =O39+O77+O94 -> 553.75094 | P9: =P39+P77+P94 -> 416.99926 | Q9: =Q39+Q77+Q94 -> 532.11426 | R9: =R40+R81+R98 -> 110.03032 | S9: =S40+S81+S98 -> 57.94573 | T9: =T40+T81+T98 -> 89.070168 | U9: =U40+U81+U98 -> 117.96438 | V9: =V40+V81+V98 -> 53.446118 | W9: =W40+W81+W98 -> 108.29587 | X9: =X40+X81+X98 -> 115.5911 | Y9: =Y40+Y81+Y98 -> 48.078107 | ... AR9: =AR40+AR81+AR98 -> 74.303452
C10: 호텔 | E10: 해외 I Total | F10: =I10+L10+O10+R10+U10+X10+AA10+AD10+AG10+AJ10+AM10+AP10 -> 851.70077 | G10: =J10+M10+P10+S10+V10+Y10+AB10+AE10+AH10+AK10+AN10+AQ10 -> 255.58751 | H10: =K10+N10+Q10+T10+W10+Z10+AC10+AF10+AI10+AL10+AO10+AR10 -> 530.84476 | I10: 170.262 | J10: 120.93014 | K10: 161.0397 | L10: 115.088 | M10: 64.621104 | N10: 110.97571 | O10: 64.597769 | P10: 33.78333 | Q10: 46.179194 | R10: 23.537 | S10: 16.72409 | T10: 16.948348 | U10: 21.087 | V10: 7.5723931 | W10: 19.965085 | X10: 12.724 | Y10: 3.5322024 | Z10: 8.6246911 | AA10: 16.195 | AB10: 6.876668 | AC10: 10.583584 | AD10: 21.119 | AE10: 1.547583 | AF10: 12.295866 | AG10: 36.888 | AH10: 0 | AI10: 13.440584 | AJ10: 65.981 | AK10: 0 | AL10: 25.202217 | AM10: 121.092 | AN10: 0 | AO10: 42.711671 | AP10: 183.13 | AQ10: 0 | AR10: 62.87811
E11: 회원 | F11: =I11+L11+O11+R11+U11+X11+AA11+AD11+AG11+AJ11+AM11+AP11 -> 327.16569 | G11: =J11+M11+P11+S11+V11+Y11+AB11+AE11+AH11+AK11+AN11+AQ11 -> 147.03865 | H11: =K11+N11+Q11+T11+W11+Z11+AC11+AF11+AI11+AL11+AO11+AR11 -> 200.30743 | I11: 67.103259 | J11: 59.696901 | K11: 36.658625 | L11: 46.439018 | M11: 36.527823 | N11: 30.420855 | O11: 24.853154 | P11: 26.022224 | Q11: 21.797989 | R11: 7.1634348 | S11: 12.923337 | T11: 5.9071102 | U11: 7.029 | V11: 5.422058 | W11: 7.7218036 | X11: 4.8938462 | Y11: 2.7118518 | Z11: 4.2025065 | AA11: 6.073125 | AB11: 2.738616 | AC11: 3.992886 | AD11: 8.0453333 | AE11: 0.99584277 | AF11: 8.777578 | AG11: 13.957622 | AH11: 0 | AI11: 8.8362209 | AJ11: 25.377308 | AK11: 0 | AL11: 12.578437 | AM11: 46.4186 | AN11: 0 | AO11: 25.449848 | AP11: 69.811989 | AQ11: 0 | AR11: 33.963573
